{
    "audit": [
        {
            "name": "id",
            "type": "INTEGER",
            "nullable": false,
            "primary_key": true
        },
        {
            "name": "lambda_name",
            "type": "VARCHAR(255)",
            "nullable": false,
            "primary_key": false
        },
        {
            "name": "service_name",
            "type": "VARCHAR(255)",
            "nullable": false,
            "primary_key": false
        },
        {
            "name": "session_id",
            "type": "VARCHAR(255)",
            "nullable": false,
            "primary_key": false
        },
        {
            "name": "status",
            "type": "VARCHAR(50)",
            "nullable": false,
            "primary_key": false
        },
        {
            "name": "time_consumed",
            "type": "INTEGER",
            "nullable": false,
            "primary_key": false
        },
        {
            "name": "comments",
            "type": "TEXT",
            "nullable": true,
            "primary_key": false
        },
        {
            "name": "username",
            "type": "VARCHAR(255)",
            "nullable": false,
            "primary_key": false
        },
        {
            "name": "created_date",
            "type": "TIMESTAMP",
            "nullable": false,
            "primary_key": false
        }
    ],
    "creating_customer_billing_bills": [
        {
            "name": "id",
            "type": "INTEGER",
            "nullable": false,
            "primary_key": true
        },
        {
            "name": "bill_type",
            "type": "VARCHAR(50)",
            "nullable": true,
            "primary_key": false
        },
        {
            "name": "current_cycle",
            "type": "VARCHAR(50)",
            "nullable": true,
            "primary_key": false
        },
        {
            "name": "itemize_local_calls",
            "type": "BOOLEAN",
            "nullable": true,
            "primary_key": false
        },
        {
            "name": "final_bill",
            "type": "BOOLEAN",
            "nullable": true,
            "primary_key": false
        },
        {
            "name": "paper_bill_fee",
            "type": "NUMERIC(10, 2)",
            "nullable": true,
            "primary_key": false
        },
        {
            "name": "due_date",
            "type": "DATE",
            "nullable": true,
            "primary_key": false
        },
        {
            "name": "usage_range",
            "type": "VARCHAR(255)",
            "nullable": true,
            "primary_key": false
        },
        {
            "name": "specific_bill_to",
            "type": "VARCHAR(255)",
            "nullable": true,
            "primary_key": false
        },
        {
            "name": "product_type",
            "type": "VARCHAR(50)",
            "nullable": true,
            "primary_key": false
        },
        {
            "name": "amount",
            "type": "NUMERIC(10, 2)",
            "nullable": true,
            "primary_key": false
        },
        {
            "name": "buy_rate",
            "type": "NUMERIC(10, 2)",
            "nullable": true,
            "primary_key": false
        },
        {
            "name": "cost",
            "type": "NUMERIC(10, 2)",
            "nullable": true,
            "primary_key": false
        },
        {
            "name": "service",
            "type": "VARCHAR(255)",
            "nullable": true,
            "primary_key": false
        },
        {
            "name": "description",
            "type": "TEXT",
            "nullable": true,
            "primary_key": false
        },
        {
            "name": "options",
            "type": "TEXT",
            "nullable": true,
            "primary_key": false
        },
        {
            "name": "transfer_to_acc",
            "type": "BOOLEAN",
            "nullable": true,
            "primary_key": false
        },
        {
            "name": "amount_to_transfer",
            "type": "NUMERIC(10, 2)",
            "nullable": true,
            "primary_key": false
        },
        {
            "name": "transfer_from_name",
            "type": "VARCHAR(255)",
            "nullable": true,
            "primary_key": false
        },
        {
            "name": "transfer_from_account",
            "type": "VARCHAR(255)",
            "nullable": true,
            "primary_key": false
        },
        {
            "name": "transfer_from_current_balance",
            "type": "NUMERIC(10, 2)",
            "nullable": true,
            "primary_key": false
        },
        {
            "name": "transfer_from_balance_after",
            "type": "NUMERIC(10, 2)",
            "nullable": true,
            "primary_key": false
        },
        {
            "name": "transfer_to_name",
            "type": "VARCHAR(255)",
            "nullable": true,
            "primary_key": false
        },
        {
            "name": "transfer_to_account",
            "type": "VARCHAR(255)",
            "nullable": true,
            "primary_key": false
        },
        {
            "name": "transfer_to_current_balance",
            "type": "NUMERIC(10, 2)",
            "nullable": true,
            "primary_key": false
        },
        {
            "name": "transfer_to_balance_after",
            "type": "NUMERIC(10, 2)",
            "nullable": true,
            "primary_key": false
        }
    ],
    "customer_basic_details": [
        {
            "name": "id",
            "type": "INTEGER",
            "nullable": false,
            "primary_key": true
        },
        {
            "name": "account_number",
            "type": "VARCHAR(255)",
            "nullable": false,
            "primary_key": false
        },
        {
            "name": "account_type",
            "type": "VARCHAR(50)",
            "nullable": true,
            "primary_key": false
        },
        {
            "name": "btn",
            "type": "VARCHAR(50)",
            "nullable": true,
            "primary_key": false
        },
        {
            "name": "email_address",
            "type": "VARCHAR(255)",
            "nullable": true,
            "primary_key": false
        },
        {
            "name": "contract_start_end_dates",
            "type": "VARCHAR(255)",
            "nullable": true,
            "primary_key": false
        },
        {
            "name": "sales_person",
            "type": "VARCHAR(255)",
            "nullable": true,
            "primary_key": false
        },
        {
            "name": "basic_details",
            "type": "TEXT",
            "nullable": true,
            "primary_key": false
        },
        {
            "name": "created_by",
            "type": "VARCHAR(255)",
            "nullable": false,
            "primary_key": false
        },
        {
            "name": "created_date",
            "type": "TIMESTAMP",
            "nullable": false,
            "primary_key": false
        },
        {
            "name": "modified_by",
            "type": "VARCHAR(255)",
            "nullable": true,
            "primary_key": false
        },
        {
            "name": "modified_date",
            "type": "TIMESTAMP",
            "nullable": true,
            "primary_key": false
        }
    ],
    "customer_billing_bills_view": [
        {
            "name": "id",
            "type": "INTEGER",
            "nullable": false,
            "primary_key": true
        },
        {
            "name": "bill_number",
            "type": "VARCHAR(50)",
            "nullable": false,
            "primary_key": false
        },
        {
            "name": "created_date",
            "type": "TIMESTAMP",
            "nullable": true,
            "primary_key": false
        },
        {
            "name": "due_date",
            "type": "TIMESTAMP",
            "nullable": true,
            "primary_key": false
        },
        {
            "name": "flags",
            "type": "VARCHAR(255)",
            "nullable": true,
            "primary_key": false
        },
        {
            "name": "charges",
            "type": "NUMERIC(10, 2)",
            "nullable": true,
            "primary_key": false
        },
        {
            "name": "credits",
            "type": "NUMERIC(10, 2)",
            "nullable": true,
            "primary_key": false
        },
        {
            "name": "payment",
            "type": "NUMERIC(10, 2)",
            "nullable": true,
            "primary_key": false
        },
        {
            "name": "taxes",
            "type": "NUMERIC(10, 2)",
            "nullable": true,
            "primary_key": false
        },
        {
            "name": "total",
            "type": "NUMERIC(10, 2)",
            "nullable": true,
            "primary_key": false
        },
        {
            "name": "amount_due",
            "type": "NUMERIC(10, 2)",
            "nullable": true,
            "primary_key": false
        },
        {
            "name": "remaining",
            "type": "NUMERIC(10, 2)",
            "nullable": true,
            "primary_key": false
        },
        {
            "name": "created_by",
            "type": "VARCHAR(100)",
            "nullable": false,
            "primary_key": false
        },
        {
            "name": "modified_by",
            "type": "VARCHAR(100)",
            "nullable": true,
            "primary_key": false
        },
        {
            "name": "modified_date",
            "type": "TIMESTAMP",
            "nullable": true,
            "primary_key": false
        }
    ],
    "gl_code": [
        {
            "name": "id",
            "type": "INTEGER",
            "nullable": false,
            "primary_key": true
        },
        {
            "name": "gl_codes",
            "type": "VARCHAR",
            "nullable": true,
            "primary_key": false
        }
    ],
    "live_sessions": [
        {
            "name": "id",
            "type": "INTEGER",
            "nullable": false,
            "primary_key": true
        },
        {
            "name": "session_id",
            "type": "VARCHAR(255)",
            "nullable": false,
            "primary_key": false
        },
        {
            "name": "username",
            "type": "VARCHAR(100)",
            "nullable": false,
            "primary_key": false
        },
        {
            "name": "access_token",
            "type": "TEXT",
            "nullable": false,
            "primary_key": false
        },
        {
            "name": "status",
            "type": "VARCHAR(50)",
            "nullable": false,
            "primary_key": false
        },
        {
            "name": "login_at",
            "type": "TIMESTAMP",
            "nullable": false,
            "primary_key": false
        },
        {
            "name": "logged_out_at",
            "type": "TIMESTAMP",
            "nullable": true,
            "primary_key": false
        },
        {
            "name": "last_modified_at",
            "type": "TIMESTAMP",
            "nullable": true,
            "primary_key": false
        }
    ],
    "module_column_mapping": [
        {
            "name": "id",
            "type": "INTEGER",
            "nullable": false,
            "primary_key": true
        },
        {
            "name": "display_name",
            "type": "VARCHAR(255)",
            "nullable": false,
            "primary_key": false
        },
        {
            "name": "unique_name",
            "type": "VARCHAR(255)",
            "nullable": false,
            "primary_key": false
        },
        {
            "name": "module_name",
            "type": "VARCHAR(255)",
            "nullable": false,
            "primary_key": false
        },
        {
            "name": "column_order",
            "type": "INTEGER",
            "nullable": false,
            "primary_key": false
        },
        {
            "name": "table_column_mapping",
            "type": "VARCHAR(255)",
            "nullable": false,
            "primary_key": false
        }
    ],
    "modules": [
        {
            "name": "id",
            "type": "INTEGER",
            "nullable": false,
            "primary_key": true
        },
        {
            "name": "module_name",
            "type": "VARCHAR(255)",
            "nullable": false,
            "primary_key": false
        },
        {
            "name": "order_by",
            "type": "INTEGER",
            "nullable": false,
            "primary_key": false
        },
        {
            "name": "is_active",
            "type": "BOOLEAN",
            "nullable": true,
            "primary_key": false
        },
        {
            "name": "created_by",
            "type": "VARCHAR(100)",
            "nullable": false,
            "primary_key": false
        },
        {
            "name": "created_date",
            "type": "TIMESTAMP",
            "nullable": false,
            "primary_key": false
        },
        {
            "name": "modified_by",
            "type": "VARCHAR(100)",
            "nullable": true,
            "primary_key": false
        },
        {
            "name": "modified_date",
            "type": "TIMESTAMP",
            "nullable": true,
            "primary_key": false
        }
    ],
    "packages": [
        {
            "name": "id",
            "type": "INTEGER",
            "nullable": false,
            "primary_key": true
        },
        {
            "name": "description",
            "type": "VARCHAR(255)",
            "nullable": false,
            "primary_key": false
        },
        {
            "name": "desc_on_bill",
            "type": "VARCHAR(255)",
            "nullable": true,
            "primary_key": false
        },
        {
            "name": "provider",
            "type": "VARCHAR(255)",
            "nullable": true,
            "primary_key": false
        },
        {
            "name": "service_type",
            "type": "VARCHAR(255)",
            "nullable": true,
            "primary_key": false
        },
        {
            "name": "category",
            "type": "VARCHAR(255)",
            "nullable": true,
            "primary_key": false
        },
        {
            "name": "created_by",
            "type": "VARCHAR(255)",
            "nullable": false,
            "primary_key": false
        },
        {
            "name": "created_date",
            "type": "TIMESTAMP",
            "nullable": false,
            "primary_key": false
        },
        {
            "name": "modified_by",
            "type": "VARCHAR(255)",
            "nullable": true,
            "primary_key": false
        },
        {
            "name": "modified_date",
            "type": "TIMESTAMP",
            "nullable": true,
            "primary_key": false
        },
        {
            "name": "is_active",
            "type": "BOOLEAN",
            "nullable": true,
            "primary_key": false
        },
        {
            "name": "bill_profile",
            "type": "VARCHAR",
            "nullable": true,
            "primary_key": false
        },
        {
            "name": "zone",
            "type": "VARCHAR",
            "nullable": true,
            "primary_key": false
        },
        {
            "name": "grouped",
            "type": "VARCHAR",
            "nullable": true,
            "primary_key": false
        },
        {
            "name": "ungrouped",
            "type": "VARCHAR",
            "nullable": true,
            "primary_key": false
        },
        {
            "name": "one_time",
            "type": "VARCHAR",
            "nullable": true,
            "primary_key": false
        }
    ],
    "product_packages": [
        {
            "name": "id",
            "type": "INTEGER",
            "nullable": false,
            "primary_key": true
        },
        {
            "name": "package_id",
            "type": "INTEGER",
            "nullable": false,
            "primary_key": false
        },
        {
            "name": "product_id",
            "type": "INTEGER",
            "nullable": false,
            "primary_key": false
        },
        {
            "name": "product_description",
            "type": "VARCHAR(255)",
            "nullable": true,
            "primary_key": false
        },
        {
            "name": "provider",
            "type": "VARCHAR(255)",
            "nullable": true,
            "primary_key": false
        },
        {
            "name": "rate",
            "type": "NUMERIC(18, 2)",
            "nullable": true,
            "primary_key": false
        },
        {
            "name": "rate_type",
            "type": "VARCHAR(50)",
            "nullable": true,
            "primary_key": false
        },
        {
            "name": "quantity",
            "type": "INTEGER",
            "nullable": true,
            "primary_key": false
        },
        {
            "name": "group",
            "type": "VARCHAR(255)",
            "nullable": true,
            "primary_key": false
        },
        {
            "name": "tax_incl",
            "type": "BOOLEAN",
            "nullable": true,
            "primary_key": false
        },
        {
            "name": "itemize",
            "type": "BOOLEAN",
            "nullable": true,
            "primary_key": false
        },
        {
            "name": "cost",
            "type": "NUMERIC(18, 2)",
            "nullable": true,
            "primary_key": false
        },
        {
            "name": "credit",
            "type": "NUMERIC(18, 2)",
            "nullable": true,
            "primary_key": false
        },
        {
            "name": "buy_rate",
            "type": "NUMERIC(18, 2)",
            "nullable": true,
            "primary_key": false
        },
        {
            "name": "state",
            "type": "VARCHAR(50)",
            "nullable": true,
            "primary_key": false
        },
        {
            "name": "type",
            "type": "VARCHAR(50)",
            "nullable": true,
            "primary_key": false
        },
        {
            "name": "created_by",
            "type": "VARCHAR(255)",
            "nullable": false,
            "primary_key": false
        },
        {
            "name": "created_date",
            "type": "TIMESTAMP",
            "nullable": false,
            "primary_key": false
        },
        {
            "name": "modified_by",
            "type": "VARCHAR(255)",
            "nullable": true,
            "primary_key": false
        },
        {
            "name": "modified_date",
            "type": "TIMESTAMP",
            "nullable": true,
            "primary_key": false
        }
    ],
    "product_type_code": [
        {
            "name": "id",
            "type": "INTEGER",
            "nullable": false,
            "primary_key": true
        },
        {
            "name": "product_type_codes",
            "type": "VARCHAR",
            "nullable": true,
            "primary_key": false
        }
    ],
    "product_types": [
        {
            "name": "id",
            "type": "INTEGER",
            "nullable": false,
            "primary_key": true
        },
        {
            "name": "description",
            "type": "VARCHAR(255)",
            "nullable": true,
            "primary_key": false
        },
        {
            "name": "tax_class",
            "type": "VARCHAR(255)",
            "nullable": true,
            "primary_key": false
        },
        {
            "name": "created_by",
            "type": "VARCHAR(255)",
            "nullable": false,
            "primary_key": false
        },
        {
            "name": "created_date",
            "type": "TIMESTAMP",
            "nullable": false,
            "primary_key": false
        },
        {
            "name": "modified_by",
            "type": "VARCHAR(255)",
            "nullable": true,
            "primary_key": false
        },
        {
            "name": "modified_date",
            "type": "TIMESTAMP",
            "nullable": true,
            "primary_key": false
        },
        {
            "name": "is_active",
            "type": "BOOLEAN",
            "nullable": true,
            "primary_key": false
        }
    ],
    "provider_account_options": [
        {
            "name": "id",
            "type": "INTEGER",
            "nullable": false,
            "primary_key": true
        },
        {
            "name": "option_value",
            "type": "VARCHAR",
            "nullable": true,
            "primary_key": false
        }
    ],
    "roles": [
        {
            "name": "id",
            "type": "INTEGER",
            "nullable": false,
            "primary_key": true
        },
        {
            "name": "role_name",
            "type": "VARCHAR(100)",
            "nullable": false,
            "primary_key": false
        },
        {
            "name": "is_active",
            "type": "BOOLEAN",
            "nullable": true,
            "primary_key": false
        }
    ],
    "serviceprovider": [
        {
            "name": "id",
            "type": "INTEGER",
            "nullable": false,
            "primary_key": false
        },
        {
            "name": "service_provider_name",
            "type": "VARCHAR(50)",
            "nullable": true,
            "primary_key": false
        },
        {
            "name": "display_name",
            "type": "VARCHAR(50)",
            "nullable": true,
            "primary_key": false
        },
        {
            "name": "created_by",
            "type": "VARCHAR(100)",
            "nullable": true,
            "primary_key": false
        },
        {
            "name": "created_date",
            "type": "TIMESTAMP",
            "nullable": true,
            "primary_key": false
        },
        {
            "name": "modified_by",
            "type": "VARCHAR(100)",
            "nullable": true,
            "primary_key": false
        },
        {
            "name": "modified_date",
            "type": "TIMESTAMP",
            "nullable": true,
            "primary_key": false
        },
        {
            "name": "deleted_by",
            "type": "VARCHAR(100)",
            "nullable": true,
            "primary_key": false
        },
        {
            "name": "deleted_date",
            "type": "TIMESTAMP",
            "nullable": true,
            "primary_key": false
        },
        {
            "name": "is_deleted",
            "type": "BOOLEAN",
            "nullable": true,
            "primary_key": false
        },
        {
            "name": "is_active",
            "type": "BOOLEAN",
            "nullable": true,
            "primary_key": false
        },
        {
            "name": "integration_id",
            "type": "INTEGER",
            "nullable": true,
            "primary_key": false
        },
        {
            "name": "bill_period_end_day",
            "type": "INTEGER",
            "nullable": true,
            "primary_key": false
        },
        {
            "name": "bill_period_end_hour",
            "type": "INTEGER",
            "nullable": true,
            "primary_key": false
        },
        {
            "name": "device_detail_service_provider_id",
            "type": "INTEGER",
            "nullable": true,
            "primary_key": false
        },
        {
            "name": "tenant_id",
            "type": "INTEGER",
            "nullable": true,
            "primary_key": false
        },
        {
            "name": "optimization_start_hour_local_time",
            "type": "INTEGER",
            "nullable": true,
            "primary_key": false
        },
        {
            "name": "continuous_last_day_optimization_start_hour_local_time",
            "type": "INTEGER",
            "nullable": true,
            "primary_key": false
        },
        {
            "name": "write_is_enabled",
            "type": "BOOLEAN",
            "nullable": true,
            "primary_key": false
        },
        {
            "name": "register_carrier_service_callback",
            "type": "BOOLEAN",
            "nullable": true,
            "primary_key": false
        },
        {
            "name": "opt_into_carrier_optimization",
            "type": "BOOLEAN",
            "nullable": true,
            "primary_key": false
        },
        {
            "name": "tenant_name",
            "type": "VARCHAR",
            "nullable": true,
            "primary_key": false
        }
    ],
    "services": [
        {
            "name": "id",
            "type": "INTEGER",
            "nullable": false,
            "primary_key": true
        },
        {
            "name": "device_description",
            "type": "VARCHAR(255)",
            "nullable": true,
            "primary_key": false
        },
        {
            "name": "code",
            "type": "VARCHAR(255)",
            "nullable": false,
            "primary_key": false
        },
        {
            "name": "fin_external_id",
            "type": "VARCHAR(255)",
            "nullable": true,
            "primary_key": false
        },
        {
            "name": "package",
            "type": "VARCHAR(255)",
            "nullable": false,
            "primary_key": false
        },
        {
            "name": "mac_address",
            "type": "VARCHAR(255)",
            "nullable": true,
            "primary_key": false
        },
        {
            "name": "serial_number",
            "type": "VARCHAR(255)",
            "nullable": true,
            "primary_key": false
        },
        {
            "name": "imei",
            "type": "VARCHAR(255)",
            "nullable": true,
            "primary_key": false
        },
        {
            "name": "sim",
            "type": "VARCHAR(255)",
            "nullable": true,
            "primary_key": false
        },
        {
            "name": "telephone_number",
            "type": "VARCHAR(50)",
            "nullable": true,
            "primary_key": false
        },
        {
            "name": "wan_order_id",
            "type": "VARCHAR(255)",
            "nullable": true,
            "primary_key": false
        },
        {
            "name": "lan_address",
            "type": "VARCHAR(255)",
            "nullable": true,
            "primary_key": false
        },
        {
            "name": "lan_subnet",
            "type": "VARCHAR(255)",
            "nullable": true,
            "primary_key": false
        },
        {
            "name": "wan_ip_address",
            "type": "VARCHAR(255)",
            "nullable": true,
            "primary_key": false
        },
        {
            "name": "is_active",
            "type": "BOOLEAN",
            "nullable": false,
            "primary_key": false
        },
        {
            "name": "created_by",
            "type": "VARCHAR(255)",
            "nullable": false,
            "primary_key": false
        },
        {
            "name": "created_date",
            "type": "TIMESTAMP",
            "nullable": false,
            "primary_key": false
        },
        {
            "name": "modified_by",
            "type": "VARCHAR(255)",
            "nullable": true,
            "primary_key": false
        },
        {
            "name": "modified_date",
            "type": "TIMESTAMP",
            "nullable": true,
            "primary_key": false
        },
        {
            "name": "is_deleted",
            "type": "BOOLEAN",
            "nullable": false,
            "primary_key": false
        },
        {
            "name": "account_code_group",
            "type": "VARCHAR",
            "nullable": true,
            "primary_key": false
        },
        {
            "name": "activation_or_disconnect_date",
            "type": "TIMESTAMP",
            "nullable": true,
            "primary_key": false
        },
        {
            "name": "billing_tn",
            "type": "VARCHAR",
            "nullable": true,
            "primary_key": false
        },
        {
            "name": "clli",
            "type": "VARCHAR",
            "nullable": true,
            "primary_key": false
        },
        {
            "name": "call_plan_id",
            "type": "VARCHAR",
            "nullable": true,
            "primary_key": false
        },
        {
            "name": "channel",
            "type": "VARCHAR",
            "nullable": true,
            "primary_key": false
        },
        {
            "name": "channel_set_up",
            "type": "VARCHAR",
            "nullable": true,
            "primary_key": false
        },
        {
            "name": "circuit_completion_date",
            "type": "TIMESTAMP",
            "nullable": true,
            "primary_key": false
        },
        {
            "name": "circuit_foc_date",
            "type": "TIMESTAMP",
            "nullable": true,
            "primary_key": false
        },
        {
            "name": "circuit_id",
            "type": "VARCHAR",
            "nullable": true,
            "primary_key": false
        },
        {
            "name": "circuit_order_date",
            "type": "TIMESTAMP",
            "nullable": true,
            "primary_key": false
        },
        {
            "name": "circuit_reference",
            "type": "VARCHAR",
            "nullable": true,
            "primary_key": false
        },
        {
            "name": "close_reason",
            "type": "VARCHAR",
            "nullable": true,
            "primary_key": false
        },
        {
            "name": "contract_term",
            "type": "VARCHAR",
            "nullable": true,
            "primary_key": false
        },
        {
            "name": "dnis",
            "type": "VARCHAR",
            "nullable": true,
            "primary_key": false
        },
        {
            "name": "data_channels",
            "type": "VARCHAR",
            "nullable": true,
            "primary_key": false
        },
        {
            "name": "data_only_service",
            "type": "VARCHAR",
            "nullable": true,
            "primary_key": false
        },
        {
            "name": "data_circuit",
            "type": "VARCHAR",
            "nullable": true,
            "primary_key": false
        },
        {
            "name": "description",
            "type": "VARCHAR",
            "nullable": true,
            "primary_key": false
        },
        {
            "name": "digits_outpulsed",
            "type": "VARCHAR",
            "nullable": true,
            "primary_key": false
        },
        {
            "name": "exchange_key",
            "type": "VARCHAR",
            "nullable": true,
            "primary_key": false
        },
        {
            "name": "hunt_identifier",
            "type": "VARCHAR",
            "nullable": true,
            "primary_key": false
        },
        {
            "name": "hunting",
            "type": "VARCHAR",
            "nullable": true,
            "primary_key": false
        },
        {
            "name": "ipic",
            "type": "VARCHAR",
            "nullable": true,
            "primary_key": false
        },
        {
            "name": "international_access",
            "type": "VARCHAR",
            "nullable": true,
            "primary_key": false
        },
        {
            "name": "lan_router_dhcp",
            "type": "VARCHAR",
            "nullable": true,
            "primary_key": false
        },
        {
            "name": "lan_router_ip",
            "type": "VARCHAR",
            "nullable": true,
            "primary_key": false
        },
        {
            "name": "lan_router_password",
            "type": "VARCHAR",
            "nullable": true,
            "primary_key": false
        },
        {
            "name": "lan_router_protocol",
            "type": "VARCHAR",
            "nullable": true,
            "primary_key": false
        },
        {
            "name": "lan_router_subnet_mask",
            "type": "VARCHAR(255)",
            "nullable": true,
            "primary_key": false
        },
        {
            "name": "lec_circuit_id",
            "type": "VARCHAR(255)",
            "nullable": true,
            "primary_key": false
        },
        {
            "name": "location_routing_number",
            "type": "VARCHAR(255)",
            "nullable": true,
            "primary_key": false
        },
        {
            "name": "long_distance_access_number",
            "type": "VARCHAR(255)",
            "nullable": true,
            "primary_key": false
        },
        {
            "name": "mac",
            "type": "VARCHAR(255)",
            "nullable": true,
            "primary_key": false
        },
        {
            "name": "notes",
            "type": "VARCHAR",
            "nullable": true,
            "primary_key": false
        },
        {
            "name": "override_class",
            "type": "VARCHAR(255)",
            "nullable": true,
            "primary_key": false
        },
        {
            "name": "pbx_make",
            "type": "VARCHAR(255)",
            "nullable": true,
            "primary_key": false
        },
        {
            "name": "pbx_model",
            "type": "VARCHAR(255)",
            "nullable": true,
            "primary_key": false
        },
        {
            "name": "pic_lpic",
            "type": "VARCHAR(255)",
            "nullable": true,
            "primary_key": false
        },
        {
            "name": "pair",
            "type": "VARCHAR(255)",
            "nullable": true,
            "primary_key": false
        },
        {
            "name": "port",
            "type": "VARCHAR(255)",
            "nullable": true,
            "primary_key": false
        },
        {
            "name": "ported_service",
            "type": "VARCHAR",
            "nullable": true,
            "primary_key": false
        },
        {
            "name": "protocol",
            "type": "VARCHAR(255)",
            "nullable": true,
            "primary_key": false
        },
        {
            "name": "provider_account",
            "type": "VARCHAR(255)",
            "nullable": true,
            "primary_key": false
        },
        {
            "name": "provider_customer_account_number",
            "type": "VARCHAR(255)",
            "nullable": true,
            "primary_key": false
        },
        {
            "name": "rdt_equipment",
            "type": "VARCHAR(255)",
            "nullable": true,
            "primary_key": false
        },
        {
            "name": "rate_center",
            "type": "VARCHAR(255)",
            "nullable": true,
            "primary_key": false
        },
        {
            "name": "relay_rack",
            "type": "VARCHAR(255)",
            "nullable": true,
            "primary_key": false
        },
        {
            "name": "service_ocn",
            "type": "VARCHAR(255)",
            "nullable": true,
            "primary_key": false
        },
        {
            "name": "shelf",
            "type": "VARCHAR(255)",
            "nullable": true,
            "primary_key": false
        },
        {
            "name": "slot",
            "type": "VARCHAR(255)",
            "nullable": true,
            "primary_key": false
        },
        {
            "name": "spiff_eligible",
            "type": "VARCHAR",
            "nullable": true,
            "primary_key": false
        },
        {
            "name": "switch_type",
            "type": "VARCHAR(255)",
            "nullable": true,
            "primary_key": false
        },
        {
            "name": "transferred_from_service_id",
            "type": "VARCHAR",
            "nullable": true,
            "primary_key": false
        },
        {
            "name": "unel_cut_date",
            "type": "TIMESTAMP",
            "nullable": true,
            "primary_key": false
        },
        {
            "name": "usage_plan_group",
            "type": "VARCHAR(255)",
            "nullable": true,
            "primary_key": false
        },
        {
            "name": "voice_channels",
            "type": "VARCHAR(255)",
            "nullable": true,
            "primary_key": false
        },
        {
            "name": "voicemail_number",
            "type": "VARCHAR(255)",
            "nullable": true,
            "primary_key": false
        },
        {
            "name": "wan_router_dhcp",
            "type": "VARCHAR",
            "nullable": true,
            "primary_key": false
        },
        {
            "name": "wan_router_ip",
            "type": "VARCHAR(255)",
            "nullable": true,
            "primary_key": false
        },
        {
            "name": "wan_router_password",
            "type": "VARCHAR(255)",
            "nullable": true,
            "primary_key": false
        },
        {
            "name": "wan_router_protocol",
            "type": "VARCHAR(255)",
            "nullable": true,
            "primary_key": false
        },
        {
            "name": "wan_router_subnet_mask",
            "type": "VARCHAR(255)",
            "nullable": true,
            "primary_key": false
        },
        {
            "name": "status",
            "type": "VARCHAR",
            "nullable": true,
            "primary_key": false
        },
        {
            "name": "provider_id",
            "type": "INTEGER",
            "nullable": true,
            "primary_key": false
        }
    ],
    "users": [
        {
            "name": "id",
            "type": "INTEGER",
            "nullable": false,
            "primary_key": true
        },
        {
            "name": "first_name",
            "type": "VARCHAR(255)",
            "nullable": false,
            "primary_key": false
        },
        {
            "name": "last_name",
            "type": "VARCHAR(255)",
            "nullable": false,
            "primary_key": false
        },
        {
            "name": "role",
            "type": "VARCHAR(100)",
            "nullable": false,
            "primary_key": false
        },
        {
            "name": "username",
            "type": "VARCHAR(100)",
            "nullable": false,
            "primary_key": false
        },
        {
            "name": "password",
            "type": "VARCHAR(255)",
            "nullable": false,
            "primary_key": false
        },
        {
            "name": "is_active",
            "type": "BOOLEAN",
            "nullable": false,
            "primary_key": false
        },
        {
            "name": "created_by",
            "type": "VARCHAR(100)",
            "nullable": true,
            "primary_key": false
        },
        {
            "name": "created_date",
            "type": "TIMESTAMP",
            "nullable": true,
            "primary_key": false
        },
        {
            "name": "modified_by",
            "type": "VARCHAR(100)",
            "nullable": true,
            "primary_key": false
        },
        {
            "name": "modified_date",
            "type": "TIMESTAMP",
            "nullable": true,
            "primary_key": false
        }
    ],
    "module_access": [
        {
            "name": "id",
            "type": "INTEGER",
            "nullable": false,
            "primary_key": true
        },
        {
            "name": "role_id",
            "type": "INTEGER",
            "nullable": false,
            "primary_key": false
        },
        {
            "name": "module_id",
            "type": "INTEGER",
            "nullable": false,
            "primary_key": false
        }
    ],
    "products": [
        {
            "name": "id",
            "type": "INTEGER",
            "nullable": false,
            "primary_key": true
        },
        {
            "name": "description",
            "type": "VARCHAR(255)",
            "nullable": true,
            "primary_key": false
        },
        {
            "name": "code_1_usoc",
            "type": "VARCHAR(255)",
            "nullable": true,
            "primary_key": false
        },
        {
            "name": "code_2_fid",
            "type": "VARCHAR(255)",
            "nullable": true,
            "primary_key": false
        },
        {
            "name": "free_period",
            "type": "INTEGER",
            "nullable": true,
            "primary_key": false
        },
        {
            "name": "automatic_expiration",
            "type": "BOOLEAN",
            "nullable": false,
            "primary_key": false
        },
        {
            "name": "bill_every",
            "type": "VARCHAR(255)",
            "nullable": true,
            "primary_key": false
        },
        {
            "name": "rate",
            "type": "NUMERIC(10, 2)",
            "nullable": true,
            "primary_key": false
        },
        {
            "name": "buy_rate",
            "type": "NUMERIC(10, 2)",
            "nullable": true,
            "primary_key": false
        },
        {
            "name": "cost",
            "type": "NUMERIC(10, 2)",
            "nullable": true,
            "primary_key": false
        },
        {
            "name": "provider_accounts",
            "type": "VARCHAR(255)",
            "nullable": true,
            "primary_key": false
        },
        {
            "name": "is_active",
            "type": "BOOLEAN",
            "nullable": false,
            "primary_key": false
        },
        {
            "name": "created_by",
            "type": "VARCHAR(255)",
            "nullable": false,
            "primary_key": false
        },
        {
            "name": "created_date",
            "type": "TIMESTAMP",
            "nullable": false,
            "primary_key": false
        },
        {
            "name": "modified_by",
            "type": "VARCHAR(255)",
            "nullable": true,
            "primary_key": false
        },
        {
            "name": "modified_date",
            "type": "TIMESTAMP",
            "nullable": true,
            "primary_key": false
        },
        {
            "name": "is_deleted",
            "type": "BOOLEAN",
            "nullable": false,
            "primary_key": false
        },
        {
            "name": "tax_class",
            "type": "BOOLEAN",
            "nullable": true,
            "primary_key": false
        },
        {
            "name": "apply_to",
            "type": "VARCHAR",
            "nullable": true,
            "primary_key": false
        },
        {
            "name": "product_type_id",
            "type": "INTEGER",
            "nullable": true,
            "primary_key": false
        },
        {
            "name": "provider_id",
            "type": "INTEGER",
            "nullable": true,
            "primary_key": false
        },
        {
            "name": "gl_code_id",
            "type": "INTEGER",
            "nullable": true,
            "primary_key": false
        },
        {
            "name": "service_id",
            "type": "INTEGER",
            "nullable": true,
            "primary_key": false
        }
    ]
}