{
    "Altaworx": {
        "Cisco Jasper": {
            "id": 1,
            "main_name": "AT&T - Cisco Jasper",
            "integration_id": 1
        },
        "Verizon - ThingSpace IoT": {
            "id": 4,
            "main_name": "Verizon - ThingSpace IoT",
            "integration_id": 4
        },
        "SPN1EDITED": {
            "id": 11,
            "main_name": "SPN1EDITED",
            "integration_id": 1
        },
        "SPN1": {
            "id": 12,
            "main_name": "SPN1",
            "integration_id": 1
        },
        "ToBeDeleted": {
            "id": 13,
            "main_name": "ToBeDeleted",
            "integration_id": 1
        },
        "Bandwidth": {
            "id": 14,
            "main_name": "Bandwidth.com",
            "integration_id": 2
        },
        "To BeDeleted": {
            "id": 15,
            "main_name": "To BeDeleted",
            "integration_id": 1
        },
        "Telegence": {
            "id": 20,
            "main_name": "AT&T - Telegence - UAT ONLY",
            "integration_id": 6
        },
        "Jasper 3": {
            "id": 22,
            "main_name": "Jasper 3",
            "integration_id": 1
        },
        "DMMaxs": {
            "id": 24,
            "main_name": "DMMaxs",
            "integration_id": 1
        },
        "jasper4": {
            "id": 25,
            "main_name": "jasper4",
            "integration_id": 1
        },
        "dd": {
            "id": 26,
            "main_name": "dd",
            "integration_id": 1
        },
        "s": {
            "id": 27,
            "main_name": "s",
            "integration_id": 1
        },
        "AT&T Partner Exchange": {
            "id": 28,
            "main_name": "AT&T Partner Exchange",
            "integration_id": 7
        },
        "Telegence Test2": {
            "id": 31,
            "main_name": "Telegence Test2",
            "integration_id": 6
        },
        "asdfas": {
            "id": 30,
            "main_name": "asdfas",
            "integration_id": 6
        },
        "Test Landline Provider": {
            "id": 33,
            "main_name": "Test Landline Provider",
            "integration_id": 2
        },
        "TEST PROVIDER": {
            "id": 34,
            "main_name": "TEST PROVIDER",
            "integration_id": 6
        },
        "AT&T - eBonding": {
            "id": 35,
            "main_name": "AT&T - eBonding",
            "integration_id": 10
        },
        "AT&T - POD19": {
            "id": 36,
            "main_name": "AT&T - POD19",
            "integration_id": 9
        },
        "T-Mobile": {
            "id": 37,
            "main_name": "T-Mobile Jasper",
            "integration_id": 11
        },
        "AT&T - Cisco Jasper 1": {
            "id": 38,
            "main_name": "AT&T - Cisco Jasper 1",
            "integration_id": 1
        },
        "Teal": {
            "id": 43,
            "main_name": "Teal",
            "integration_id": 12
        },
        "Verizon - ThingSpace PN": {
            "id": 44,
            "main_name": "Verizon - ThingSpace PN",
            "integration_id": 4
        },
        "T-Mobile - Advantage": {
            "id": 45,
            "main_name": "T-Mobile - Advantage",
            "integration_id": 11
        },
        "POND": {
            "id": 48,
            "main_name": "POND",
            "integration_id": 13
        },
        "POND IoT": {
            "id": 49,
            "main_name": "POND IoT",
            "integration_id": 13
        },
        "HDTEST Pond": {
            "id": 50,
            "main_name": "HDTEST Pond",
            "integration_id": 13
        },
        "AT&T - Telegence - Sandbox": {
            "id": 52,
            "main_name": "AT&T - Telegence - Sandbox",
            "integration_id": 6
        },
        "Test Rogers": {
            "id": 54,
            "main_name": "Test Rogers",
            "integration_id": 15
        },
        "Rogers": {
            "id": 59,
            "main_name": "Rogers",
            "integration_id": 15
        },
        "Rogers Sandbox": {
            "id": 59,
            "main_name": "Rogers Sandbox",
            "integration_id": 15
        },
        "Rogers - Spectrotel - PROD": {
            "id": 58,
            "main_name": "Rogers - Spectrotel - PROD",
            "integration_id": 15
        },
        "Rogers Prod with cheated email": {
            "id": 60,
            "main_name": "Rogers Prod with cheated email",
            "integration_id": 15
        },
        "Rogers Prod (NOT FOR TESTING)": {
            "id": 61,
            "main_name": "Rogers Prod (NOT FOR TESTING)",
            "integration_id": 15
        },
        "AT&T - Telegence - Test Kafka Titanium Topic": {
            "id": 62,
            "main_name": "AT&T - Telegence - Test Kafka Titanium Topic",
            "integration_id": 6
        },
        "AT&T - Telegence - Test Kafka Altaworx Topic": {
            "id": 63,
            "main_name": "AT&T - Telegence - Test Kafka Altaworx Topic",
            "integration_id": 6
        },
        "AT&T - Telegence - Test Kafka Dynalink Topic": {
            "id": 64,
            "main_name": "AT&T - Telegence - Test Kafka Dynalink Topic",
            "integration_id": 6
        },
        "AT&T - Telegence - Test Kafka For2Fi Topic": {
            "id": 66,
            "main_name": "AT&T - Telegence - Test Kafka For2Fi Topic",
            "integration_id": 6
        },
        "AT&T - Telegence - Test Kafka Spectrotel Topic": {
            "id": 67,
            "main_name": "AT&T - Telegence - Test Kafka Spectrotel Topic",
            "integration_id": 6
        },
        "Only for testing": {
            "id": 69,
            "main_name": "Only for testing",
            "integration_id": 1
        },
        "Only for testing 2": {
            "id": 70,
            "main_name": "Only for testing 2",
            "integration_id": 1
        },
        "TinTest PORT-2318": {
            "id": 71,
            "main_name": "TinTest PORT-2318",
            "integration_id": 1
        },
        "for testing": {
            "id": 87,
            "main_name": "for testing",
            "integration_id": 1
        },
        "something": {
            "id": 88,
            "main_name": "something",
            "integration_id": 1
        },
        "DEV_TEST_3": {
            "id": 89,
            "main_name": "DEV_TEST_3",
            "integration_id": 1
        },
        "something testing": {
            "id": 91,
            "main_name": "something testing",
            "integration_id": 1
        },
        "something_sync": {
            "id": 96,
            "main_name": "something_sync",
            "integration_id": 7
        },
        "vtest1": {
            "id": 104,
            "main_name": "vtest1",
            "integration_id": 1
        },
        "testv2": {
            "id": 107,
            "main_name": "testv2",
            "integration_id": 14
        },
        "QA test": {
            "id": 120,
            "main_name": "QA test",
            "integration_id": 3
        },
        "AT&T - Telegence": {
            "id": 110,
            "main_name": "AT&T - Telegence",
            "integration_id": 6
        },
        "AT&T - Jasper Cisco Otis": {
            "id": 112,
            "main_name": "AT&T - Jasper Cisco Otis",
            "integration_id": 1
        },
        "test34343444": {
            "id": 116,
            "main_name": "test34343444",
            "integration_id": 2
        },
        "testrtdtwgehdsju": {
            "id": 117,
            "main_name": "testrtdtwgehdsju",
            "integration_id": 10
        },
        "posndd test": {
            "id": 118,
            "main_name": "posndd test",
            "integration_id": 9
        },
        "teal test test": {
            "id": 119,
            "main_name": "teal test test",
            "integration_id": 12
        },
        "Test Provider": {
            "id": 121,
            "main_name": "Test Provider",
            "integration_id": 15
        },
        "prodiver test 2": {
            "id": 122,
            "main_name": "prodiver test 2",
            "integration_id": 9
        },
        "AT&T - Cisco Jasper 2": {
            "id": 123,
            "main_name": "AT&T - Cisco Jasper 2",
            "integration_id": 1
        },
        "Telegence Otis Test": {
            "id": 124,
            "main_name": "Telegence Otis Test",
            "integration_id": 6
        },
        "Koremain": {
            "id": 126,
            "main_name": "Kore",
            "integration_id": 19
        },
        "kore": {
            "id": 127,
            "main_name": "kore",
            "integration_id": 1
        }
    },
    "Spectrotel": {
        "Cisco Jasper": {
            "id": 1,
            "main_name": "AT&T - Cisco Jasper",
            "integration_id": 1
        },
        "Verizon - ThingSpace IoT": {
            "id": 4,
            "main_name": "Verizon - ThingSpace IoT",
            "integration_id": 4
        },
        "SPN1EDITED": {
            "id": 11,
            "main_name": "SPN1EDITED",
            "integration_id": 1
        },
        "SPN1": {
            "id": 12,
            "main_name": "SPN1",
            "integration_id": 1
        },
        "ToBeDeleted": {
            "id": 13,
            "main_name": "ToBeDeleted",
            "integration_id": 1
        },
        "Bandwidth": {
            "id": 14,
            "main_name": "Bandwidth.com",
            "integration_id": 2
        },
        "To BeDeleted": {
            "id": 15,
            "main_name": "To BeDeleted",
            "integration_id": 1
        },
        "Telegence": {
            "id": 20,
            "main_name": "AT&T - Telegence - UAT ONLY",
            "integration_id": 6
        },
        "Jasper 3": {
            "id": 22,
            "main_name": "Jasper 3",
            "integration_id": 1
        },
        "DMMaxs": {
            "id": 24,
            "main_name": "DMMaxs",
            "integration_id": 1
        },
        "jasper4": {
            "id": 25,
            "main_name": "jasper4",
            "integration_id": 1
        },
        "dd": {
            "id": 26,
            "main_name": "dd",
            "integration_id": 1
        },
        "s": {
            "id": 27,
            "main_name": "s",
            "integration_id": 1
        },
        "AT&T Partner Exchange": {
            "id": 28,
            "main_name": "AT&T Partner Exchange",
            "integration_id": 7
        },
        "Telegence Test2": {
            "id": 31,
            "main_name": "Telegence Test2",
            "integration_id": 6
        },
        "asdfas": {
            "id": 30,
            "main_name": "asdfas",
            "integration_id": 6
        },
        "Test Landline Provider": {
            "id": 33,
            "main_name": "Test Landline Provider",
            "integration_id": 2
        },
        "TEST PROVIDER": {
            "id": 34,
            "main_name": "TEST PROVIDER",
            "integration_id": 6
        },
        "AT&T - eBonding": {
            "id": 35,
            "main_name": "AT&T - eBonding",
            "integration_id": 10
        },
        "AT&T - POD19": {
            "id": 36,
            "main_name": "AT&T - POD19",
            "integration_id": 9
        },
        "T-Mobile": {
            "id": 37,
            "main_name": "T-Mobile Jasper",
            "integration_id": 11
        },
        "AT&T - Cisco Jasper 1": {
            "id": 38,
            "main_name": "AT&T - Cisco Jasper 1",
            "integration_id": 1
        },
        "Teal": {
            "id": 43,
            "main_name": "Teal",
            "integration_id": 12
        },
        "Verizon - ThingSpace PN": {
            "id": 44,
            "main_name": "Verizon - ThingSpace PN",
            "integration_id": 4
        },
        "T-Mobile - Advantage": {
            "id": 45,
            "main_name": "T-Mobile - Advantage",
            "integration_id": 11
        },
        "POND": {
            "id": 48,
            "main_name": "POND",
            "integration_id": 13
        },
        "POND IoT": {
            "id": 49,
            "main_name": "POND IoT",
            "integration_id": 13
        },
        "HDTEST Pond": {
            "id": 50,
            "main_name": "HDTEST Pond",
            "integration_id": 13
        },
        "AT&T - Telegence - Sandbox": {
            "id": 52,
            "main_name": "AT&T - Telegence - Sandbox",
            "integration_id": 6
        },
        "Test Rogers": {
            "id": 54,
            "main_name": "Test Rogers",
            "integration_id": 15
        },
        "Rogers": {
            "id": 59,
            "main_name": "Rogers",
            "integration_id": 15
        },
        "Rogers Sandbox": {
            "id": 59,
            "main_name": "Rogers Sandbox",
            "integration_id": 15
        },
        "Rogers - Spectrotel - PROD": {
            "id": 58,
            "main_name": "Rogers - Spectrotel - PROD",
            "integration_id": 15
        },
        "Rogers Prod with cheated email": {
            "id": 60,
            "main_name": "Rogers Prod with cheated email",
            "integration_id": 15
        },
        "Rogers Prod (NOT FOR TESTING)": {
            "id": 61,
            "main_name": "Rogers Prod (NOT FOR TESTING)",
            "integration_id": 15
        },
        "AT&T - Telegence - Test Kafka Titanium Topic": {
            "id": 62,
            "main_name": "AT&T - Telegence - Test Kafka Titanium Topic",
            "integration_id": 6
        },
        "AT&T - Telegence - Test Kafka Altaworx Topic": {
            "id": 63,
            "main_name": "AT&T - Telegence - Test Kafka Altaworx Topic",
            "integration_id": 6
        },
        "AT&T - Telegence - Test Kafka Dynalink Topic": {
            "id": 64,
            "main_name": "AT&T - Telegence - Test Kafka Dynalink Topic",
            "integration_id": 6
        },
        "AT&T - Telegence - Test Kafka For2Fi Topic": {
            "id": 66,
            "main_name": "AT&T - Telegence - Test Kafka For2Fi Topic",
            "integration_id": 6
        },
        "AT&T - Telegence - Test Kafka Spectrotel Topic": {
            "id": 67,
            "main_name": "AT&T - Telegence - Test Kafka Spectrotel Topic",
            "integration_id": 6
        },
        "Only for testing": {
            "id": 69,
            "main_name": "Only for testing",
            "integration_id": 1
        },
        "Only for testing 2": {
            "id": 70,
            "main_name": "Only for testing 2",
            "integration_id": 1
        },
        "TinTest PORT-2318": {
            "id": 71,
            "main_name": "TinTest PORT-2318",
            "integration_id": 1
        },
        "something_sync": {
            "id": 96,
            "main_name": "something_sync",
            "integration_id": 7
        },
        "vtest1": {
            "id": 104,
            "main_name": "vtest1",
            "integration_id": 1
        },
        "testv2": {
            "id": 107,
            "main_name": "testv2",
            "integration_id": 14
        },
        "QA test": {
            "id": 120,
            "main_name": "QA test",
            "integration_id": 3
        },
        "AT&T - Telegence": {
            "id": 110,
            "main_name": "AT&T - Telegence",
            "integration_id": 6
        },
        "AT&T - Jasper Cisco Otis": {
            "id": 112,
            "main_name": "AT&T - Jasper Cisco Otis",
            "integration_id": 1
        },
        "test34343444": {
            "id": 116,
            "main_name": "test34343444",
            "integration_id": 2
        },
        "testrtdtwgehdsju": {
            "id": 117,
            "main_name": "testrtdtwgehdsju",
            "integration_id": 10
        },
        "posndd test": {
            "id": 118,
            "main_name": "posndd test",
            "integration_id": 9
        },
        "teal test test": {
            "id": 119,
            "main_name": "teal test test",
            "integration_id": 12
        },
        "Test Provider": {
            "id": 121,
            "main_name": "Test Provider",
            "integration_id": 15
        },
        "prodiver test 2": {
            "id": 122,
            "main_name": "prodiver test 2",
            "integration_id": 9
        },
        "AT&T - Cisco Jasper 2": {
            "id": 123,
            "main_name": "AT&T - Cisco Jasper 2",
            "integration_id": 1
        },
        "Telegence Otis Test": {
            "id": 124,
            "main_name": "Telegence Otis Test",
            "integration_id": 6
        },
        "Koremain": {
            "id": 126,
            "main_name": "Kore",
            "integration_id": 18
        }
    }
}