[
    {
        "tenant_id": 134,
        "parent_tenant_name": "Go Tech - Mobility",
        "sub_tenants": []
    },
    {
        "tenant_id": 1174,
        "parent_tenant_name": "Spectrotel",
        "sub_tenants": []
    },
    {
        "tenant_id": 280,
        "parent_tenant_name": "Otis Test 2",
        "sub_tenants": []
    },
    {
        "tenant_id": 267,
        "parent_tenant_name": "Partner Test 2",
        "sub_tenants": []
    },
    {
        "tenant_id": 179,
        "parent_tenant_name": "Frontier PND",
        "sub_tenants": []
    },
    {
        "tenant_id": 172,
        "parent_tenant_name": "Fuse.Cloud",
        "sub_tenants": []
    },
    {
        "tenant_id": 212,
        "parent_tenant_name": "Altaworx Test",
        "sub_tenants": [
            {
                "id": 325,
                "tenant_name": "QAregression"
            },
            {
                "id": 1182,
                "tenant_name": "DeveloperTestValids"
            },
            {
                "id": 1183,
                "tenant_name": "3219 QA Test"
            },
            {
                "id": 1184,
                "tenant_name": "CM QA Test"
            },
            {
                "id": 327,
                "tenant_name": "Altaworx - GT"
            },
            {
                "id": 230,
                "tenant_name": "DJ Sub Partner Test"
            },
            {
                "id": 1175,
                "tenant_name": "3219 Test"
            }
        ]
    },
    {
        "tenant_id": 174,
        "parent_tenant_name": "Dynalink",
        "sub_tenants": []
    },
    {
        "tenant_id": 175,
        "parent_tenant_name": "VAST",
        "sub_tenants": []
    },
    {
        "tenant_id": 1185,
        "parent_tenant_name": "p",
        "sub_tenants": []
    },
    {
        "tenant_id": 178,
        "parent_tenant_name": "4GBiz",
        "sub_tenants": []
    },
    {
        "tenant_id": 125,
        "parent_tenant_name": "LiveU",
        "sub_tenants": []
    },
    {
        "tenant_id": 1,
        "parent_tenant_name": "Altaworx",
        "sub_tenants": [
            {
                "id": 169,
                "tenant_name": "CSV - AWX"
            },
            {
                "id": 142,
                "tenant_name": "Castle Point - AWX"
            },
            {
                "id": 129,
                "tenant_name": "Test Theme (Titanium)"
            },
            {
                "id": 145,
                "tenant_name": "Eight Five Orange - AWX"
            },
            {
                "id": 141,
                "tenant_name": "Local IT - AWX"
            },
            {
                "id": 168,
                "tenant_name": "Peace Communications"
            },
            {
                "id": 1166,
                "tenant_name": "Go Tech - AWX Test"
            },
            {
                "id": 1165,
                "tenant_name": "CSV RS AG"
            },
            {
                "id": 1168,
                "tenant_name": "AWX - AWX"
            },
            {
                "id": 1159,
                "tenant_name": "AWX Test"
            },
            {
                "id": 127,
                "tenant_name": "GoTech - AWX"
            },
            {
                "id": 177,
                "tenant_name": "Atlantech - AWX"
            },
            {
                "id": 173,
                "tenant_name": "Frontier US"
            },
            {
                "id": 163,
                "tenant_name": "Titanium - AWX"
            }
        ]
    },
    {
        "tenant_id": 1172,
        "parent_tenant_name": "Go Technologies",
        "sub_tenants": []
    },
    {
        "tenant_id": 219,
        "parent_tenant_name": "Titanium Wireless",
        "sub_tenants": []
    },
    {
        "tenant_id": 214,
        "parent_tenant_name": "DJ Test",
        "sub_tenants": [
            {
                "id": 324,
                "tenant_name": "DJ Test"
            }
        ]
    },
    {
        "tenant_id": 289,
        "parent_tenant_name": "Otis Test 3",
        "sub_tenants": []
    },
    {
        "tenant_id": 226,
        "parent_tenant_name": "GT",
        "sub_tenants": []
    },
    {
        "tenant_id": 263,
        "parent_tenant_name": "Otis Tenant",
        "sub_tenants": []
    }
]