{
    "Otis Test 3": {},
    "Otis Test 2": {
        "AT&T - Cisco Jasper": 3,
        "testv2": 4,
        "testv23F": 5,
        "AT&T - Telegence": 6,
        "testrtdtwgehdsju": 19,
        "posndd test": 16,
        "teal test test ": 17,
        "QA test": 18,
        "AT&T - Cisco Jasper 2": 20
    },
    "Test Theme (Titanium)": {},
    "Eight Five Orange - AWX": {},
    "DJ Test": {},
    "Titanium Wireless": {},
    "Titanium - AWX": {},
    "LiveU": {
        "Jasper - Roaming International": 1,
        "T-Mobile": 4
    },
    "GoTech - AWX": {},
    "Partner Test 2": {},
    "Spectrotel": {
        "Kore": 126
    },
    "GT": {},
    "Otis Tenant": {},
    "Peace Communications": {},
    "Go Tech - Mobility": {},
    "Local IT - AWX": {},
    "Castle Point - AWX": {},
    "CSV - AWX": {},
    "Frontier PND": {},
    "Fuse.Cloud": {
        "AT&T - Telegence": 1
    },
    "Frontier US": {},
    "Dynalink": {},
    "VAST": {},
    "Atlantech - AWX": {},
    "4GBiz": {},
    "DJ Sub Partner Test": {},
    "Altaworx": {
        "AT&T - Cisco Jasper": 1,
        "Verizon - ThingSpace IoT": 5,
        "AT&T - Telegence": 6,
        "AT&T - POD19": 8,
        "Bandwidth": 9,
        "Verizon - HDP": 10,
        "Teal": 11,
        "Verizon - ThingSpace PN": 12,
        "Pond IoT": 13
    },
    "AWX Test": {},
    "Altaworx Test": {},
    "CSV RS AG": {},
    "Go Tech - AWX Test": {},
    "Altaworx - GT": {},
    "AWX - AWX": {},
    "Go Technologies": {}
}