{"openapi":"3.1.0","info":{"title":"Inventory API","description":"Inventory API Documentation","version":"1.0.0"},"components":{"securitySchemes":{"bearerAuth":{"scheme":"bearer","type":"http","bearerFormat":"JWT"}},"headers":{"x-tenant-id":{"required":true,"schema":{"type":"number","description":"AMOP Tenant ID"}}},"schemas":{}},"paths":{"/api/inventory/devices/list":{"get":{"summary":"Get list of devices with default pagination","tags":["Device"],"description":"Get list of devices with default pagination","parameters":[{"schema":{"type":"array","items":{"type":"string"}},"in":"query","name":"provider","required":false,"description":"Provider"},{"schema":{"type":"array","items":{"type":"string"}},"in":"query","name":"customer","required":false,"description":"Customer"},{"schema":{"type":"array","items":{"type":"string"}},"in":"query","name":"manufacturer","required":false,"description":"Manufacturer"},{"schema":{"type":"array","items":{"type":"string"}},"in":"query","name":"deviceStatus","required":false,"description":"Device Status"},{"schema":{"type":"array","items":{"type":"string"}},"in":"query","name":"simStatus","required":false,"description":"Sim Status"},{"schema":{"type":"array","items":{"type":"string"}},"in":"query","name":"networkType","required":false,"description":"Network Type"},{"schema":{"type":"array","items":{"type":"string"}},"examples":{"Active":{"value":"Active"},"Expired":{"value":"Expired"},"Expired In 30 Days":{"value":"Expired In 30 Days"}},"in":"query","name":"licenseStatus","required":false,"description":"License Status"},{"schema":{"type":"string"},"in":"query","name":"ip","required":false,"description":"IP Address"},{"schema":{"type":"string"},"in":"query","name":"mac","required":false,"description":"MAC Address"},{"schema":{"type":"string"},"in":"query","name":"imei","required":false,"description":"IMEI"},{"schema":{"type":"string"},"in":"query","name":"imsi","required":false,"description":"IMSI"},{"schema":{"type":"string"},"in":"query","name":"iccid","required":false,"description":"ICCID"},{"schema":{"type":"array","items":{"description":"Model","type":"string"}},"in":"query","name":"model","required":false},{"schema":{"default":["lastConnect:desc"],"type":"array","items":{"pattern":"^([a-zA-Z0-9]+)(:desc|:asc)?$","type":"string"}},"in":"query","name":"sort","required":false},{"schema":{"type":"array","items":{"type":"string"}},"in":"query","name":"ignoreFields","required":false,"description":"Ignore Fields"},{"schema":{"type":"string"},"in":"query","name":"search","required":false,"description":"Text Search"},{"schema":{"default":10,"type":"number"},"in":"query","name":"limit","required":false,"description":"Limit"},{"schema":{"default":1,"type":"number"},"in":"query","name":"page","required":false,"description":"Page"},{"schema":{"type":"number"},"example":1,"in":"header","name":"x-tenant-id","required":true,"description":"AMOP Tenant ID"}],"responses":{"200":{"description":"Default Response","content":{"application/json":{"schema":{"type":"object","properties":{"results":{"type":"array","items":{"type":"object","properties":{"id":{"type":"string"},"providerId":{"anyOf":[{"type":"null"},{"type":"string"}]},"provider":{"type":"string"},"customerId":{"anyOf":[{"type":"null"},{"type":"string"}]},"customer":{"type":"string"},"iccid":{"type":"string"},"imsi":{"anyOf":[{"type":"null"},{"type":"string"}]},"msisdn":{"anyOf":[{"type":"null"},{"type":"string"}]},"imei":{"type":"string"},"eid":{"anyOf":[{"type":"null"},{"type":"string"}]},"ip":{"anyOf":[{"type":"null"},{"type":"string"}]},"mac":{"default":"","type":"string"},"model":{"type":"string"},"networkType":{"type":"string"},"manufacturer":{"type":"string"},"manufacturerDeviceId":{"type":"string"},"deviceStatus":{"type":"string"},"simStatus":{"type":"string"},"licenseStatus":{"description":"License Status","type":"string"},"licenseExpiration":{"anyOf":[{"type":"null"},{"type":"string","format":"date-time"}]},"lastConnect":{"anyOf":[{"type":"null"},{"type":"string","format":"date-time"}]},"isDeleted":{"type":"boolean"},"sim":{}},"required":["id","provider","customer","imei","model","networkType","manufacturer","manufacturerDeviceId","deviceStatus","simStatus","licenseStatus"]}},"totalResults":{"type":"number"},"page":{"type":"number"},"totalPages":{"type":"number"},"limit":{"type":"number"}},"required":["results","totalResults"]}}}},"400":{"description":"Default Response","content":{"application/json":{"schema":{"type":"object","properties":{"status":{"type":"string"},"message":{"type":"string"}}}}}},"500":{"description":"Default Response","content":{"application/json":{"schema":{"type":"object","properties":{"status":{"type":"string"},"message":{"type":"string"}}}}}}}}},"/api/inventory/devices/options":{"get":{"summary":"Get common options for device items","tags":["Device"],"description":"Get common options for device items","parameters":[{"schema":{"type":"number"},"example":1,"in":"header","name":"x-tenant-id","required":true,"description":"AMOP Tenant ID"}],"responses":{"200":{"description":"Default Response","content":{"application/json":{"schema":{"type":"object","properties":{"inventoryProviders":{"type":"array","items":{"type":"string"}},"provisionProviders":{"type":"array","items":{"type":"string"}},"manufacturers":{"type":"array","items":{"type":"string"}},"networkType":{"type":"array","items":{"type":"string"}},"deviceStatus":{"type":"array","items":{"type":"string"}},"simStatus":{"type":"array","items":{"type":"string"}},"licenseStatus":{"type":"array","items":{"type":"string"}},"actionType":{"type":"array","items":{"type":"string"}},"manufacturerModels":{"type":"array","items":{"type":"object","properties":{"manufacturer":{"type":"string"},"models":{"type":"array","items":{"type":"string"}}},"required":["manufacturer","models"]}}},"required":["inventoryProviders","provisionProviders","manufacturers","networkType","deviceStatus","simStatus","licenseStatus","actionType","manufacturerModels"]}}}},"400":{"description":"Default Response","content":{"application/json":{"schema":{"type":"object","properties":{"status":{"type":"string"},"message":{"type":"string"}}}}}},"500":{"description":"Default Response","content":{"application/json":{"schema":{"type":"object","properties":{"status":{"type":"string"},"message":{"type":"string"}}}}}}}}}},"servers":[{"url":"http://sandbox-device-api.amop.services"}],"security":[{"bearerAuth":[]}],"tags":[{"name":"Device","description":"Device APIs"}]}