{"openapi":"3.1.0","info":{"title":"Device API","description":"Device API Documentation","version":"1.0.0"},"components":{"securitySchemes":{"bearerAuth":{"scheme":"bearer","type":"http","bearerFormat":"JWT"}},"schemas":{}},"paths":{"/api/device/provisioning/":{"get":{"summary":"Get provisioning list","tags":["Provisioning"],"description":"Get provisioning list","parameters":[{"schema":{"type":"string"},"in":"query","name":"id","required":false},{"schema":{"allOf":[{"format":"date-time","type":"string"},{"anyOf":[{"format":"date-time","type":"string"},{"type":"object","properties":{"$gte":{"format":"date-time","type":"string"},"$lte":{"format":"date-time","type":"string"}}}]}]},"in":"query","name":"createdAt","required":false},{"schema":{"allOf":[{"format":"date-time","type":"string"},{"anyOf":[{"format":"date-time","type":"string"},{"type":"object","properties":{"$gte":{"format":"date-time","type":"string"},"$lte":{"format":"date-time","type":"string"}}}]}]},"in":"query","name":"updatedAt","required":false},{"schema":{"type":"string"},"in":"query","name":"createdBy","required":false},{"schema":{"type":"number"},"in":"query","name":"bulkChangeId","required":false},{"schema":{"additionalProperties":true,"type":"object","properties":{}},"in":"query","name":"data","required":false},{"schema":{"allOf":[{"type":"array","items":{"type":"object","properties":{"sims":{"type":"array","items":{"type":"object","properties":{"iccid":{"type":"string"},"imei":{"type":"string"}}}},"iccid":{"type":"string"},"imei":{"type":"string"},"mac":{"type":"string"},"customerId":{"type":"number"},"provider":{"type":"string"},"status":{"type":"string"},"logs":{"type":"array","items":{"type":"string"}},"statusDetails":{"type":"string"},"changeRequest":{"type":"string"},"detailsLogEntries":{"type":"array","items":{"type":"object","properties":{"processedDate":{"format":"date-time","type":"string"},"logEntryDescription":{"type":"string"},"responseStatus":{"type":"string"},"requestText":{"type":"string"},"responseText":{"type":"string"}},"required":["processedDate","logEntryDescription","responseStatus","requestText","responseText"]}}}}},{"type":"array","items":{"type":"object","properties":{"sims":{"type":"array","items":{"type":"object","properties":{"iccid":{"type":"string"},"imei":{"type":"string"}}}},"iccid":{"type":"string"},"imei":{"type":"string"},"mac":{"type":"string"},"customerId":{"type":"number"},"provider":{"type":"string"},"status":{"type":"string"},"statusDetails":{"type":"string"},"changeRequest":{"type":"string"},"detailsLogEntries":{"type":"array","items":{"type":"object","properties":{"processedDate":{"format":"date-time","type":"string"},"logEntryDescription":{"type":"string"},"responseStatus":{"type":"string"},"requestText":{"type":"string"},"responseText":{"type":"string"}},"required":["processedDate","logEntryDescription","responseStatus","requestText","responseText"]}}}}}]},"in":"query","name":"results","required":false},{"schema":{"type":"string"},"in":"query","name":"partnerId","required":false,"description":"Partner ID (Tenant ID)"},{"schema":{},"in":"query","name":"serviceProvider","required":false},{"schema":{"enum":["Uploaded","Processing","Error","Success","Processed","New"],"type":"string"},"in":"query","name":"status","required":false},{"schema":{"enum":["Provision","Activate ICCID"],"type":"string"},"in":"query","name":"actionType","required":false},{"schema":{"type":"array","items":{"type":"object","properties":{"processedDate":{"format":"date-time","type":"string"},"logEntryDescription":{"type":"string"},"responseStatus":{"type":"string"},"requestText":{"type":"string"},"responseText":{"type":"string"}},"required":["processedDate","logEntryDescription","responseStatus","requestText","responseText"]}},"in":"query","name":"detailsLogEntries","required":false},{"schema":{"type":"number"},"in":"query","name":"processed","required":false},{"schema":{"type":"number"},"in":"query","name":"processing","required":false},{"schema":{"type":"number"},"in":"query","name":"error","required":false},{"schema":{"type":"number"},"in":"query","name":"success","required":false},{"schema":{"type":"number"},"in":"query","name":"uploaded","required":false},{"schema":{},"in":"query","name":"customer","required":false},{"schema":{"minimum":1,"default":1,"type":"integer"},"in":"query","name":"page","required":true},{"schema":{"minimum":1,"maximum":100,"default":10,"type":"integer"},"in":"query","name":"limit","required":true},{"schema":{"type":"string"},"in":"query","name":"search","required":false},{"schema":{"default":[],"type":"array","items":{"pattern":"^(-|\\+)?[a-zA-Z0-9_.]+$","description":"Sort by field","examples":["-createdAt","+updatedAt"],"default":"-createdAt","type":"string"}},"in":"query","name":"sort","required":false},{"schema":{"type":"number"},"example":1,"in":"header","name":"x-tenant-id","required":true,"description":"AMOP Tenant ID"}],"responses":{"200":{"description":"Default Response"}}},"post":{"summary":"Create provisioning","tags":["Provisioning"],"description":"Create provisioning","requestBody":{"content":{"application/json":{"schema":{"type":"object","properties":{"devices":{"minItems":1,"type":"array","items":{"description":"Device to be provisioned, must have ICCID, IMEI and MAC","type":"object","properties":{"sims":{"default":[],"type":"array","items":{"type":"object","properties":{"iccid":{"type":"string"},"imei":{"type":"string"}}}},"iccid":{"description":"ICCID of the SIM card","type":"string"},"imei":{"description":"IMEI of the device","type":"string"},"mac":{"type":"string"},"deviceModel":{"type":"string"},"customerId":{"description":"Rev.IO Customer ID","type":"number"},"customerName":{"type":"string"}},"required":["mac","customerId","customerName"]}},"carrier":{"description":"Carrier name","type":"string","example":"bec"},"groupName":{"type":"string"},"licenseType":{"description":"License type required for BEC, on other Carrier, leave null","type":"string"},"customerId":{"deprecated":true,"type":"number"},"createServiceProduct":{"type":"object","properties":{"providerId":{"type":"number"},"serviceTypeId":{"type":"number"},"packageId":{"type":"number"},"generate_proration":{"type":"boolean"},"effectiveDate":{"format":"date","type":"string","example":"2021-01-01"},"products":{"type":"array","items":{"type":"object","properties":{"productId":{"type":"number"},"rate":{"type":"number"}},"required":["productId"]}}},"required":["providerId","serviceTypeId","products"]},"createCustomerRate":{"type":"object","properties":{"ratePlanId":{"type":"number"},"ratePoolId":{"type":"number"},"effectiveDate":{"format":"date","type":"string","example":"2021-01-01"}}},"integrationAuthenticationId":{"description":"Integration Authentication Id associated with Tenant, example: 4","type":"number"}},"required":["devices","carrier","groupName","integrationAuthenticationId"]}}},"required":true},"parameters":[{"schema":{"type":"number"},"example":1,"in":"header","name":"x-tenant-id","required":true,"description":"AMOP Tenant ID"}],"responses":{"200":{"description":"Default Response"}}}},"/api/device/provisioning/export":{"get":{"summary":"Export provisioning list","tags":["Provisioning"],"description":"Export provisioning list","parameters":[{"schema":{"type":"string"},"in":"query","name":"id","required":false},{"schema":{"allOf":[{"format":"date-time","type":"string"},{"anyOf":[{"format":"date-time","type":"string"},{"type":"object","properties":{"$gte":{"format":"date-time","type":"string"},"$lte":{"format":"date-time","type":"string"}}}]}]},"in":"query","name":"createdAt","required":false},{"schema":{"allOf":[{"format":"date-time","type":"string"},{"anyOf":[{"format":"date-time","type":"string"},{"type":"object","properties":{"$gte":{"format":"date-time","type":"string"},"$lte":{"format":"date-time","type":"string"}}}]}]},"in":"query","name":"updatedAt","required":false},{"schema":{"type":"string"},"in":"query","name":"createdBy","required":false},{"schema":{"type":"number"},"in":"query","name":"bulkChangeId","required":false},{"schema":{"additionalProperties":true,"type":"object","properties":{}},"in":"query","name":"data","required":false},{"schema":{"allOf":[{"type":"array","items":{"type":"object","properties":{"sims":{"type":"array","items":{"type":"object","properties":{"iccid":{"type":"string"},"imei":{"type":"string"}}}},"iccid":{"type":"string"},"imei":{"type":"string"},"mac":{"type":"string"},"customerId":{"type":"number"},"provider":{"type":"string"},"status":{"type":"string"},"logs":{"type":"array","items":{"type":"string"}},"statusDetails":{"type":"string"},"changeRequest":{"type":"string"},"detailsLogEntries":{"type":"array","items":{"type":"object","properties":{"processedDate":{"format":"date-time","type":"string"},"logEntryDescription":{"type":"string"},"responseStatus":{"type":"string"},"requestText":{"type":"string"},"responseText":{"type":"string"}},"required":["processedDate","logEntryDescription","responseStatus","requestText","responseText"]}}}}},{"type":"array","items":{"type":"object","properties":{"sims":{"type":"array","items":{"type":"object","properties":{"iccid":{"type":"string"},"imei":{"type":"string"}}}},"iccid":{"type":"string"},"imei":{"type":"string"},"mac":{"type":"string"},"customerId":{"type":"number"},"provider":{"type":"string"},"status":{"type":"string"},"statusDetails":{"type":"string"},"changeRequest":{"type":"string"},"detailsLogEntries":{"type":"array","items":{"type":"object","properties":{"processedDate":{"format":"date-time","type":"string"},"logEntryDescription":{"type":"string"},"responseStatus":{"type":"string"},"requestText":{"type":"string"},"responseText":{"type":"string"}},"required":["processedDate","logEntryDescription","responseStatus","requestText","responseText"]}}}}}]},"in":"query","name":"results","required":false},{"schema":{"type":"string"},"in":"query","name":"partnerId","required":false,"description":"Partner ID (Tenant ID)"},{"schema":{},"in":"query","name":"serviceProvider","required":false},{"schema":{"enum":["Uploaded","Processing","Error","Success","Processed","New"],"type":"string"},"in":"query","name":"status","required":false},{"schema":{"enum":["Provision","Activate ICCID"],"type":"string"},"in":"query","name":"actionType","required":false},{"schema":{"type":"array","items":{"type":"object","properties":{"processedDate":{"format":"date-time","type":"string"},"logEntryDescription":{"type":"string"},"responseStatus":{"type":"string"},"requestText":{"type":"string"},"responseText":{"type":"string"}},"required":["processedDate","logEntryDescription","responseStatus","requestText","responseText"]}},"in":"query","name":"detailsLogEntries","required":false},{"schema":{"type":"number"},"in":"query","name":"processed","required":false},{"schema":{"type":"number"},"in":"query","name":"processing","required":false},{"schema":{"type":"number"},"in":"query","name":"error","required":false},{"schema":{"type":"number"},"in":"query","name":"success","required":false},{"schema":{"type":"number"},"in":"query","name":"uploaded","required":false},{"schema":{},"in":"query","name":"customer","required":false},{"schema":{"format":"date-time","type":"string"},"in":"query","name":"from","required":false},{"schema":{"format":"date-time","type":"string"},"in":"query","name":"to","required":false},{"schema":{"type":"number"},"example":1,"in":"header","name":"x-tenant-id","required":true,"description":"AMOP Tenant ID"}],"responses":{"200":{"description":"Default Response"}}}},"/api/device/provisioning/v2":{"post":{"summary":"Create provisioning (AMOP 2.0)","tags":["Provisioning"],"description":"Create provisioning (AMOP 2.0)","requestBody":{"content":{"application/json":{"schema":{"type":"object","properties":{"devices":{"minItems":1,"type":"array","items":{"description":"Device to be provisioned, must have ICCID, IMEI and MAC","type":"object","properties":{"sims":{"default":[],"type":"array","items":{"type":"object","properties":{"iccid":{"type":"string"},"imei":{"type":"string"}}}},"iccid":{"description":"ICCID of the SIM card","type":"string"},"imei":{"description":"IMEI of the device","type":"string"},"mac":{"type":"string"},"deviceModel":{"type":"string"},"customerId":{"description":"Rev.IO Customer ID","type":"number"},"customerName":{"type":"string"}},"required":["mac","customerId","customerName"]}},"carrier":{"description":"Carrier name","type":"string","example":"bec"},"groupName":{"type":"string"},"licenseType":{"description":"License type required for BEC, on other Carrier, leave null","type":"string"},"customerId":{"deprecated":true,"type":"number"},"createServiceProduct":{"type":"object","properties":{"providerId":{"type":"number"},"serviceTypeId":{"type":"number"},"packageId":{"type":"number"},"generate_proration":{"type":"boolean"},"effectiveDate":{"format":"date","type":"string","example":"2021-01-01"},"products":{"type":"array","items":{"type":"object","properties":{"productId":{"type":"number"},"rate":{"type":"number"}},"required":["productId"]}}},"required":["providerId","serviceTypeId","products"]},"createCustomerRate":{"type":"object","properties":{"ratePlanId":{"type":"number"},"ratePoolId":{"type":"number"},"effectiveDate":{"format":"date","type":"string","example":"2021-01-01"}}},"integrationAuthenticationId":{"description":"Integration Authentication Id associated with Tenant, example: 4","type":"number"}},"required":["devices","carrier","groupName","integrationAuthenticationId"]}}},"required":true},"parameters":[{"schema":{"type":"number"},"example":1,"in":"header","name":"x-tenant-id","required":true,"description":"AMOP Tenant ID"}],"responses":{"200":{"description":"Default Response"}}}},"/api/device/provisioning/validate":{"post":{"summary":"Validate provisioning","tags":["Provisioning"],"description":"Validate provisioning","requestBody":{"content":{"application/json":{"schema":{"type":"object","properties":{"step":{"anyOf":[{"type":"string","enum":["AddDevice"]},{"type":"string","enum":["ChooseManufacturer"]},{"type":"string","enum":["ProvisionDevice"]},{"type":"string","enum":["AssignCustomer"]},{"type":"string","enum":["AddCustomerRatePlanRatePool"]}]},"data":{"type":"object","properties":{"devices":{"minItems":1,"type":"array","items":{"description":"Device to be provisioned, must have ICCID, IMEI and MAC","type":"object","properties":{"iccid":{"description":"ICCID of the SIM card","type":"string"},"imei":{"description":"IMEI of the device","type":"string"},"mac":{"type":"string"},"deviceModel":{"type":"string"},"customerId":{"description":"Rev.IO Customer ID","type":"number"},"customerName":{"type":"string"}},"required":["mac"]}},"carrier":{"description":"Carrier name","type":"string","example":"bec"},"groupName":{"type":"string"},"licenseType":{"description":"License type required for BEC, on other Carrier, leave null","type":"string"},"customerId":{"deprecated":true,"type":"number"},"createServiceProduct":{"type":"object","properties":{"providerId":{"type":"number"},"serviceTypeId":{"type":"number"},"packageId":{"type":"number"},"generate_proration":{"type":"boolean"},"effectiveDate":{"format":"date","type":"string","example":"2021-01-01"},"products":{"type":"array","items":{"type":"object","properties":{"productId":{"type":"number"},"rate":{"type":"number"}}}}},"required":["providerId","serviceTypeId","products"]},"createCustomerRate":{"type":"object","properties":{"ratePlanId":{"type":"number"},"ratePoolId":{"type":"number"},"effectiveDate":{"anyOf":[{"format":"date","examples":["2021-01-01"],"type":"string"},{"type":"null"}]}}},"integrationAuthenticationId":{"description":"Integration Authentication Id associated with Tenant, example: 4","type":"number"}},"required":["devices"]}},"required":["step","data"]}}},"required":true},"parameters":[{"schema":{"type":"number"},"example":1,"in":"header","name":"x-tenant-id","required":true,"description":"AMOP Tenant ID"}],"responses":{"200":{"description":"Default Response"}}}},"/api/device/provisioning/{id}":{"get":{"summary":"Get provisioning detail","tags":["Provisioning"],"description":"Get provisioning detail","parameters":[{"schema":{"type":"string"},"in":"path","name":"id","required":true},{"schema":{"type":"number"},"example":1,"in":"header","name":"x-tenant-id","required":true,"description":"AMOP Tenant ID"}],"responses":{"200":{"description":"Default Response","content":{"application/json":{"schema":{"type":"object","properties":{"id":{"type":"string"},"createdAt":{"format":"date-time","type":"string"},"updatedAt":{"format":"date-time","type":"string"},"createdBy":{"type":"string"},"bulkChangeId":{"type":"number"},"data":{"additionalProperties":true,"type":"object","properties":{}},"results":{"type":"array","items":{"type":"object","properties":{"sims":{"type":"array","items":{"type":"object","properties":{"iccid":{"type":"string"},"imei":{"type":"string"}}}},"iccid":{"type":"string"},"imei":{"type":"string"},"mac":{"type":"string"},"customerId":{"type":"number"},"provider":{"type":"string"},"status":{"type":"string"},"logs":{"type":"array","items":{"type":"string"}},"statusDetails":{"type":"string"},"changeRequest":{"type":"string"},"detailsLogEntries":{"type":"array","items":{"type":"object","properties":{"processedDate":{"format":"date-time","type":"string"},"logEntryDescription":{"type":"string"},"responseStatus":{"type":"string"},"requestText":{"type":"string"},"responseText":{"type":"string"}},"required":["processedDate","logEntryDescription","responseStatus","requestText","responseText"]}}}}},"partnerId":{"description":"Partner ID (Tenant ID)","type":"string"},"serviceProvider":{},"status":{"enum":["Uploaded","Processing","Error","Success","Processed","New"],"type":"string"},"actionType":{"enum":["Provision","Activate ICCID"],"type":"string"},"detailsLogEntries":{"type":"array","items":{"type":"object","properties":{"processedDate":{"format":"date-time","type":"string"},"logEntryDescription":{"type":"string"},"responseStatus":{"type":"string"},"requestText":{"type":"string"},"responseText":{"type":"string"}},"required":["processedDate","logEntryDescription","responseStatus","requestText","responseText"]}},"processed":{"type":"number"},"processing":{"type":"number"},"error":{"type":"number"},"success":{"type":"number"},"uploaded":{"type":"number"},"customer":{}},"required":["id","createdAt","updatedAt","createdBy","data","results","partnerId"]}}}}}}},"/api/device/models":{"get":{"summary":"Get models by carrier","tags":["Device"],"description":"Get models by carrier","parameters":[{"schema":{"type":"string","enum":["bec","peplink"]},"in":"query","name":"manufacturer","required":true},{"schema":{"type":"number"},"example":1,"in":"header","name":"x-tenant-id","required":true,"description":"AMOP Tenant ID"}],"responses":{"200":{"description":"Default Response","content":{"application/json":{"schema":{"type":"array","items":{"type":"object","properties":{"_id":{"type":"string"},"name":{"type":"string"},"manufacturer":{"type":"string"},"manufacturerModelId":{"type":"string"}},"required":["name","manufacturer","manufacturerModelId"]}}}}},"400":{"description":"Default Response","content":{"application/json":{"schema":{"type":"object","properties":{"status":{"type":"string"},"message":{"type":"string"}}}}}},"500":{"description":"Default Response","content":{"application/json":{"schema":{"type":"object","properties":{"status":{"type":"string"},"message":{"type":"string"}}}}}}}}},"/api/device/groups":{"get":{"summary":"Get groups by carrier","tags":["Device"],"description":"Get groups by carrier","parameters":[{"schema":{"type":"string","enum":["bec","peplink"]},"in":"query","name":"manufacturer","required":true},{"schema":{"type":"number"},"example":1,"in":"header","name":"x-tenant-id","required":true,"description":"AMOP Tenant ID"}],"responses":{"200":{"description":"Default Response","content":{"application/json":{"schema":{"type":"array","items":{"type":"object","properties":{"_id":{"type":"string"},"name":{"type":"string"},"manufacturer":{"type":"string"},"manufacturerGroupId":{"type":"string"}},"required":["name","manufacturer","manufacturerGroupId"]}}}}},"400":{"description":"Default Response","content":{"application/json":{"schema":{"type":"object","properties":{"status":{"type":"string"},"message":{"type":"string"}}}}}},"500":{"description":"Default Response","content":{"application/json":{"schema":{"type":"object","properties":{"status":{"type":"string"},"message":{"type":"string"}}}}}}}}},"/api/device/license-types":{"get":{"summary":"Get license types by carrier","tags":["Device"],"description":"Get license types by carrier","parameters":[{"schema":{"type":"string","enum":["bec","peplink"],"default":"bec"},"examples":{"bec":{"value":"bec"},"peplink":{"value":"peplink"}},"in":"query","name":"manufacturer","required":true},{"schema":{"type":"number"},"example":1,"in":"header","name":"x-tenant-id","required":true,"description":"AMOP Tenant ID"}],"responses":{"200":{"description":"Default Response","content":{"application/json":{"schema":{"type":"array","items":{"type":"object","properties":{"type":{"type":"string"},"label":{"type":"string"},"manufacturer":{"type":"string"}},"required":["type","label","manufacturer"]}}}}},"400":{"description":"Default Response","content":{"application/json":{"schema":{"type":"object","properties":{"status":{"type":"string"},"message":{"type":"string"}}}}}},"500":{"description":"Default Response","content":{"application/json":{"schema":{"type":"object","properties":{"status":{"type":"string"},"message":{"type":"string"}}}}}}}}},"/api/device/archive":{"post":{"summary":"Archive device","tags":["Device"],"description":"Archive device","requestBody":{"content":{"application/json":{"schema":{"type":"object","properties":{"deviceIds":{"type":"array","items":{"type":"string"}}},"required":["deviceIds"]}}},"required":true},"parameters":[{"schema":{"type":"number"},"example":1,"in":"header","name":"x-tenant-id","required":true,"description":"AMOP Tenant ID"}],"responses":{"200":{"description":"Default Response","content":{"application/json":{"schema":{"type":"object","properties":{}}}}},"400":{"description":"Default Response","content":{"application/json":{"schema":{"type":"object","properties":{"status":{"type":"string"},"message":{"type":"string"}}}}}},"500":{"description":"Default Response","content":{"application/json":{"schema":{"type":"object","properties":{"status":{"type":"string"},"message":{"type":"string"}}}}}}}}}},"servers":[{"url":"http://sandbox-device-api.amop.services"},{"url":"https://sandbox-device-api.amop.services"}],"security":[{"bearerAuth":[]}],"tags":[{"name":"Device","description":"Device APIs"}]}