{"openapi":"3.0.0","paths":{"/api/taxes/calculate-tax-amount":{"post":{"operationId":"TaxesController_calculateTaxAmount","summary":"Calculate Tax","parameters":[],"requestBody":{"required":true,"content":{"application/json":{"schema":{"$ref":"#/components/schemas/TaxAmountRequest"}},"multipart/form-data":{"schema":{"$ref":"#/components/schemas/TaxAmountRequest"}}}},"responses":{"200":{"description":"","content":{"application/json":{"schema":{"$ref":"#/components/schemas/TaxAmountResponse"}}}},"400":{"description":""},"403":{"description":""}},"tags":["Tax"]}},"/api/taxes/create-transaction":{"post":{"operationId":"TaxesController_createTransaction","summary":"Create Tax Transaction","parameters":[],"requestBody":{"required":true,"content":{"application/json":{"schema":{"$ref":"#/components/schemas/TaxAmountRequest"}},"multipart/form-data":{"schema":{"$ref":"#/components/schemas/TaxAmountRequest"}}}},"responses":{"200":{"description":"","content":{"application/json":{"schema":{"$ref":"#/components/schemas/TaxTransactionResponse"}}}},"400":{"description":""},"403":{"description":""}},"tags":["Tax"]}},"/api/taxes":{"get":{"operationId":"TaxesController_index","summary":"Get taxes","parameters":[],"responses":{"200":{"description":""},"400":{"description":""},"403":{"description":""}},"tags":["Public"]}},"/api/taxes/health":{"get":{"operationId":"TaxesController_health","summary":"Get health","parameters":[],"responses":{"200":{"description":""},"400":{"description":""},"403":{"description":""}},"tags":["Public"]}},"/api/taxes/transactions":{"get":{"operationId":"TaxesController_getRollingMonthTransactions","summary":"Get transactions","parameters":[{"name":"page","required":false,"in":"query","schema":{"default":1,"type":"number"}},{"name":"limit","required":false,"in":"query","schema":{"default":10,"type":"number"}},{"name":"search","required":false,"in":"query","schema":{"type":"string"}},{"name":"category","required":false,"in":"query","example":"Actual Transaction","description":"## Transaction Categories:\n- Actual Transaction: Actual transaction\n- Tax Calculation: Tax calculation\n","schema":{"type":"string"}},{"name":"x-tenant-id","in":"header","required":true,"schema":{"type":"string"}}],"responses":{"200":{"description":"Get all transactions for the rolling month (30 days)","content":{"application/json":{"schema":{"$ref":"#/components/schemas/PaginateResultDto_CeretaxTransaction"}}}},"400":{"description":""},"403":{"description":""}},"tags":["Admin"]}},"/api/taxes/transactions/export":{"get":{"operationId":"TaxesController_exportRollingMonthTransactions","summary":"Export transactions","parameters":[{"name":"x-tenant-id","in":"header","required":true,"schema":{"type":"string"}}],"responses":{"200":{"description":"Export all transactions for the rolling month (30 days)","content":{"application/vnd.openxmlformats-officedocument.spreadsheetml.sheet":{"schema":{"type":"string","format":"binary","description":"Excel file"}}},"headers":{"Content-Type":{"schema":{"type":"string","description":"application/vnd.openxmlformats-officedocument.spreadsheetml.sheet"}}}},"400":{"description":""},"403":{"description":""}},"tags":["Admin"]}},"/api/taxes/profiles":{"get":{"operationId":"TaxesController_getProfiles","summary":"Get profiles","parameters":[],"responses":{"200":{"description":"Get all tax profiles","content":{"application/json":{"schema":{"type":"array","items":{"type":"string"}}}}},"400":{"description":""},"403":{"description":""}},"tags":["Admin"]}},"/api/taxes/reports":{"get":{"operationId":"TaxesController_getReportList","summary":"Get reports","parameters":[{"name":"reportId","required":false,"in":"query","schema":{"type":"string"}},{"name":"perPage","required":false,"in":"query","schema":{"type":"string"}},{"name":"page","required":false,"in":"query","schema":{"type":"string"}},{"name":"$filter","required":false,"in":"query","schema":{"type":"string"}}],"responses":{"200":{"description":"","content":{"application/json":{"schema":{"$ref":"#/components/schemas/ReportQueryResponse"}}}},"400":{"description":""},"403":{"description":""}},"tags":["Reports"]},"post":{"operationId":"TaxesController_createReport","summary":"Create CereTax Report","parameters":[],"requestBody":{"required":true,"content":{"application/json":{"schema":{"$ref":"#/components/schemas/ReportCreateRequest"}},"application/x-www-form-urlencoded":{"schema":{"$ref":"#/components/schemas/ReportCreateRequest"}}}},"responses":{"201":{"description":"Report created successfully","content":{"application/json":{"schema":{"$ref":"#/components/schemas/ReportResponse"}}}},"400":{"description":""},"403":{"description":""}},"tags":["Reports"]},"patch":{"operationId":"TaxesController_updateReport","summary":"Update CereTax Report","parameters":[{"name":"reportId","required":true,"in":"query","schema":{"type":"string"}}],"requestBody":{"required":true,"content":{"application/json":{"schema":{"$ref":"#/components/schemas/CereTaxReportRequest"}}}},"responses":{"200":{"description":"","content":{"application/json":{"schema":{"$ref":"#/components/schemas/ReportResponse"}}}},"400":{"description":""},"403":{"description":""}},"tags":["Reports"]},"delete":{"operationId":"TaxesController_deleteReports","summary":"Delete CereTax Reports","parameters":[],"requestBody":{"required":true,"content":{"application/json":{"schema":{"type":"array","items":{"type":"string"}}}}},"responses":{"204":{"description":"Reports deleted successfully"},"400":{"description":""},"403":{"description":""}},"tags":["Reports"]}},"/api/taxes/reports/download":{"get":{"operationId":"TaxesController_downloadReport","summary":"Download reports","parameters":[{"name":"reportId","required":true,"in":"query","schema":{"type":"string"}}],"responses":{"200":{"description":"","content":{"application/json":{"schema":{"$ref":"#/components/schemas/ReportDownloadResponse"}}}},"400":{"description":""},"403":{"description":""}},"tags":["Reports"]}},"/api/taxes/reports/archive":{"patch":{"operationId":"TaxesController_archiveReport","summary":"Archive CereTax Report","parameters":[{"name":"reportId","required":true,"in":"query","schema":{"type":"string"}}],"requestBody":{"required":true,"content":{"application/json":{"schema":{"$ref":"#/components/schemas/ReportArchiveRequest"}}}},"responses":{"200":{"description":"","content":{"application/json":{"schema":{"$ref":"#/components/schemas/ReportResponse"}}}},"400":{"description":""},"403":{"description":""}},"tags":["Reports"]}},"/api/taxes/reports/subscribe":{"get":{"operationId":"ReportSubscribeController_getSubscribedReports","summary":"Get subscribed emails","parameters":[{"name":"x-tenant-id","in":"header","required":true,"schema":{"type":"string"}},{"name":"page","required":false,"in":"query","schema":{"default":1,"type":"number"}},{"name":"limit","required":false,"in":"query","schema":{"default":10,"type":"number"}},{"name":"search","required":false,"in":"query","schema":{"type":"string"}}],"responses":{"200":{"description":"","content":{"application/json":{"schema":{"type":"array","items":{"$ref":"#/components/schemas/PaginateResultDto_CeretaxReceiverEmailResponseDto"}}}}}},"tags":["Reports"],"security":[{"bearer":[]}]},"put":{"operationId":"ReportSubscribeController_subscribeEmail","summary":"Subscribe email","parameters":[{"name":"x-tenant-id","in":"header","required":true,"schema":{"type":"string"}}],"requestBody":{"required":true,"content":{"application/json":{"schema":{"$ref":"#/components/schemas/CeretaxReceiverEmailUpsertDto"}},"application/x-www-form-urlencoded":{"schema":{"$ref":"#/components/schemas/CeretaxReceiverEmailUpsertDto"}}}},"responses":{"200":{"description":"","content":{"application/json":{"schema":{"$ref":"#/components/schemas/CeretaxReceiverEmailResponseDto"}}}}},"tags":["Reports"],"security":[{"bearer":[]}]}},"/api/taxes/reports/subscribe/{id}":{"get":{"operationId":"ReportSubscribeController_getSubscribedReportById","summary":"Get subscribed email by id","parameters":[{"name":"x-tenant-id","in":"header","required":true,"schema":{"type":"string"}},{"name":"id","required":true,"in":"path","schema":{"type":"string"}}],"responses":{"200":{"description":"","content":{"application/json":{"schema":{"$ref":"#/components/schemas/CeretaxReceiverEmailResponseDto"}}}},"404":{"description":"Can not find the data"}},"tags":["Reports"],"security":[{"bearer":[]}]},"delete":{"operationId":"ReportSubscribeController_unsubscribeEmail","summary":"Unsubscribe email","parameters":[{"name":"x-tenant-id","in":"header","required":true,"schema":{"type":"string"}},{"name":"id","required":true,"in":"path","schema":{"type":"string"}}],"responses":{"200":{"description":"Success"},"202":{"description":"Success"},"406":{"description":"Can't find the data to delete"}},"tags":["Reports"],"security":[{"bearer":[]}]}}},"info":{"title":"Taxes API","description":"","version":"1.0.0","contact":{}},"tags":[],"servers":[{"url":"https://sandbox-device-api.amop.services","description":"Sandbox"},{"url":"https://pro-api.amop.services","description":"Production"}],"components":{"securitySchemes":{"tenantId":{"type":"apiKey","in":"header","name":"x-tenant-id"},"bearer":{"scheme":"bearer","bearerFormat":"JWT","type":"http"}},"schemas":{"TaxAddress":{"type":"object","properties":{"addressLine1":{"type":"string","example":"455 Magnolia Ave, Suite B","description":"Address Line 1"},"city":{"type":"string","example":"Fairhope","description":"City"},"state":{"type":"string","example":"AL","description":"State"},"postalCode":{"type":"string","example":"36532","description":"Postal Code"},"country":{"type":"string","example":"US","description":"Country Code"}},"required":["addressLine1","city","state","postalCode","country"]},"TaxAmountRequest":{"type":"object","properties":{"mrc":{"type":"number","example":10,"description":"Monthly Recurring Charge (MRC) amount."},"taxType":{"type":"string","example":"130"},"taxTypeClass":{"type":"string","example":"101"},"serviceAddress":{"$ref":"#/components/schemas/TaxAddress"},"billingAddress":{"$ref":"#/components/schemas/TaxAddress"},"psCode":{"type":"string","example":"10010100"},"bundleCode":{"type":"string","example":"500002","description":"Either psCode or bundleCode must be provided.\nContact AMOP for the bundle codes to be setup for your tax profile."},"businessType":{"type":"string","enum":["01","10","11","12","13","14","15","16"],"description":"## Business Types:\n- RETAIL: 01\n- CLEC: 10\n- IXC: 11\n- CMRS_WIRELESS: 12\n- ILEC: 13\n- PREPAID_WIRELESS: 14\n- VOIP: 15\n- TV_PROVIDER: 16\n  ","default":"14"},"customerType":{"type":"string","enum":["01","02","03","04","05","06","07","08","09","10","12","13"],"description":"## Customer Types:\n\n- RESIDENTIAL: 01\n- BUSINESS_COMMERCIAL: 02\n- INDUSTRIAL: 03\n- SENIOR_CITIZEN: 04\n- TRIBAL_GOVERNMENT: 05\n- FEDERAL_GOVERNMENT: 06\n- STATE_GOVERNMENT: 07\n- LOCAL_GOVERNMENT: 08\n- VOIP_USER: 09\n- LIFELINE: 10\n- RETAIL: 12\n- TRIBAL_MEMBER: 13\n  ","default":"02"}},"required":["mrc","taxType","taxTypeClass","serviceAddress","billingAddress"]},"TaxAmountResponse":{"type":"object","properties":{}},"TaxTransactionResponse":{"type":"object","properties":{"transactionID":{"type":"string","description":"Transaction ID"}},"required":["transactionID"]},"CeretaxTransaction":{"type":"object","properties":{"_id":{"type":"string"},"saleAmount":{"type":"number","description":"The amount of the sale. MRC + Tax Amount."},"mrc":{"type":"number","description":"Monthly Recurring Charge (MRC) amount."}},"required":["_id","saleAmount","mrc"]},"PaginateResultDto_CeretaxTransaction":{"type":"object","properties":{"results":{"type":"array","items":{"$ref":"#/components/schemas/CeretaxTransaction"}},"totalResults":{"type":"number"},"page":{"type":"number"}},"required":["results","totalResults","page"]},"ReportQueryResponse":{"type":"object","properties":{}},"ReportDownloadResponse":{"type":"object","properties":{}},"ReportCreateRequestDateRange":{"type":"object","properties":{}},"ReportCreateRequest":{"type":"object","properties":{"reportTemplateId":{"type":"number","example":14,"description":"ID of the report template"},"fileType":{"type":"string","example":"xlsx","enum":["xlsx","csv"],"description":"Type of file to generate"},"dateRange":{"example":{"contentYear":"2024","contentMonth":"06"},"description":"Date range for the report","allOf":[{"$ref":"#/components/schemas/ReportCreateRequestDateRange"}]},"reportFilters":{"example":[],"description":"Filters for the report","type":"array","items":{"type":"string"}},"emailSubject":{"type":"string","example":"Email subject","description":"Email subject"}},"required":["reportTemplateId","fileType","dateRange","reportFilters","emailSubject"]},"ReportResponse":{"type":"object","properties":{}},"CereTaxReportRequest":{"type":"object","properties":{"reportId":{"type":"string","example":"Report ID","description":"Report ID"},"tenantId":{"type":"string","example":"1","description":"Tenant ID"},"templateId":{"type":"number","example":14,"description":"Template ID"},"reportData":{"type":"object","example":[{"key":"value"}],"description":"Report data"},"emailSubject":{"type":"string","example":"Email subject","description":"Email subject"}},"required":["reportId","tenantId","templateId","reportData","emailSubject"]},"ReportArchiveRequest":{"type":"object","properties":{"archived":{"type":"boolean","example":true,"description":"Whether the report should be archived"}},"required":["archived"]},"CeretaxReceiverEmailResponseDto":{"type":"object","properties":{"templateId":{"type":"number","description":"Template ID"},"emails":{"description":"List of emails that will receive reports","type":"array","items":{"type":"string"}},"emailSubject":{"type":"string","example":"Email subject","description":"Email subject"}},"required":["templateId","emails","emailSubject"]},"PaginateResultDto_CeretaxReceiverEmailResponseDto":{"type":"object","properties":{"results":{"type":"array","items":{"$ref":"#/components/schemas/CeretaxReceiverEmailResponseDto"}},"totalResults":{"type":"number"},"page":{"type":"number"}},"required":["results","totalResults","page"]},"CeretaxReceiverEmailUpsertDto":{"type":"object","properties":{"_id":{"type":"string","description":"ID of the subscription, specify this field to update an existing subscription, leave it empty to create a new one.","example":"5f3f4e7d0c1a5d001f2c3b2d"},"templateId":{"type":"number","description":"Template ID of Reports","example":14},"emailSubject":{"type":"string","example":"Your monthly tax report is ready for {{MMMM}} {{YYYY}}","description":"Email subject","default":"Your monthly tax report is ready for {{MMMM}} {{YYYY}}"}},"required":["_id","templateId","emailSubject"]}}},"security":[{"bearer":[]}]}