{"openapi":"3.0.0","paths":{"/api/carrier/qualifications/check":{"get":{"operationId":"QualificationController_check","summary":"Check authentication","description":"Check if the Integration is authenticated","parameters":[{"name":"x-tenant-id","in":"header","description":"AMOP's tenant id","required":true,"schema":{"type":"string"}}],"responses":{"400":{"description":"Bad request"},"412":{"description":"Authentication failed"},"500":{"description":"Internal server error"}},"tags":["Qualification"],"security":[{"bearer":[]},{"bearer":[]}]}},"/api/carrier/qualifications/checkServiceActivationPermission":{"get":{"operationId":"QualificationController_checkServiceActivationPermission","summary":"Check service activation permission","description":"Check if the user have permission to activate new service","parameters":[{"name":"x-tenant-id","in":"header","description":"AMOP's tenant id","required":true,"schema":{"type":"string"}}],"responses":{"400":{"description":"Bad request"},"412":{"description":"User do not have permission"},"500":{"description":"Internal server error"}},"tags":["Qualification"],"security":[{"bearer":[]},{"bearer":[]}]}},"/api/carrier/qualifications":{"get":{"operationId":"QualificationController_getQualifications","summary":"Get qualification history","parameters":[{"name":"x-tenant-id","in":"header","description":"AMOP's tenant id","required":true,"schema":{"type":"string"}},{"name":"page","required":false,"in":"query","schema":{"default":1,"type":"number"}},{"name":"limit","required":false,"in":"query","schema":{"default":10,"type":"number"}},{"name":"search","required":false,"in":"query","schema":{"type":"string"}}],"responses":{"200":{"description":"List of qualifications with counts","content":{"application/json":{"schema":{"$ref":"#/components/schemas/PaginateResultDto_QualificationWithCountsDTO"}}}},"400":{"description":"Bad request"},"500":{"description":"Internal server error"}},"tags":["Qualification"],"security":[{"bearer":[]},{"bearer":[]}]},"post":{"operationId":"QualificationController_createQualification","summary":"Create qualification and qualify multiple addresses","parameters":[{"name":"x-tenant-id","in":"header","description":"AMOP's tenant id","required":true,"schema":{"type":"string"}}],"requestBody":{"required":true,"content":{"application/json":{"schema":{"$ref":"#/components/schemas/QualificationCreateRequest"}}}},"responses":{"201":{"description":"The qualification has been successfully created.","content":{"application/json":{"schema":{"$ref":"#/components/schemas/Qualification"}}}},"400":{"description":"Bad request"},"500":{"description":"Internal server error"}},"tags":["Qualification"],"security":[{"bearer":[]},{"bearer":[]}]}},"/api/carrier/qualifications/{id}":{"get":{"operationId":"QualificationController_getQualificationById","summary":"Get qualification history by id","parameters":[{"name":"x-tenant-id","in":"header","description":"AMOP's tenant id","required":true,"schema":{"type":"string"}},{"name":"id","required":true,"in":"path","schema":{"type":"number"}}],"responses":{"200":{"description":"","content":{"application/json":{"schema":{"$ref":"#/components/schemas/QualificationWithCountsDTO"}}}},"400":{"description":"Bad request"},"500":{"description":"Internal server error"}},"tags":["Qualification"],"security":[{"bearer":[]},{"bearer":[]}]}},"/api/carrier/qualifications/{id}/addresses":{"get":{"operationId":"QualificationController_getAddressesByQualificationId","summary":"Get addresses by qualification id","parameters":[{"name":"x-tenant-id","in":"header","description":"AMOP's tenant id","required":true,"schema":{"type":"string"}},{"name":"id","required":true,"in":"path","schema":{"type":"number"}},{"name":"page","required":false,"in":"query","schema":{"default":1,"type":"number"}},{"name":"limit","required":false,"in":"query","schema":{"default":10,"type":"number"}},{"name":"search","required":false,"in":"query","schema":{"type":"string"}}],"responses":{"200":{"description":"","content":{"application/json":{"schema":{"$ref":"#/components/schemas/PaginateResultDto_QualificationAddress"}}}},"400":{"description":"Bad request"},"500":{"description":"Internal server error"}},"tags":["Qualification"],"security":[{"bearer":[]},{"bearer":[]}]}},"/api/carrier/qualifications/upload":{"post":{"operationId":"QualificationController_uploadQualificationFile","summary":"Upload a file with multiple addresses to create qualifications","parameters":[{"name":"x-tenant-id","in":"header","description":"AMOP's tenant id","required":true,"schema":{"type":"string"}}],"requestBody":{"required":true,"content":{"multipart/form-data":{"schema":{"type":"object","properties":{"file":{"type":"string","format":"binary"}}}}}},"responses":{"201":{"description":"The qualification has been successfully created.","content":{"application/json":{"schema":{"type":"object","properties":{"message":{"type":"string"},"qualificationId":{"type":"number"}}}}}},"400":{"description":"Bad request"},"500":{"description":"Internal server error"}},"tags":["Qualification"],"security":[{"bearer":[]}]}},"/api/carrier/qualifications/template":{"get":{"operationId":"QualificationController_downloadTemplate","summary":"Download Excel template for creating qualifications","parameters":[{"name":"x-tenant-id","in":"header","description":"AMOP's tenant id","required":true,"schema":{"type":"string"}}],"responses":{"200":{"description":"Excel template file","content":{"application/vnd.openxmlformats-officedocument.spreadsheetml.sheet":{"schema":{"type":"string","format":"binary"}}}},"400":{"description":"Bad request"},"500":{"description":"Internal server error"}},"tags":["Qualification"],"security":[{"bearer":[]}]}},"/api/carrier/qualifications/addresses/{id}/logs":{"get":{"operationId":"QualificationController_getLogsByQualificationAddressId","summary":"Get qualification address logs by qualification address id","parameters":[{"name":"x-tenant-id","in":"header","description":"AMOP's tenant id","required":true,"schema":{"type":"string"}},{"name":"id","required":true,"in":"path","schema":{"type":"number"}}],"responses":{"200":{"description":"","content":{"application/json":{"schema":{"type":"array","items":{"$ref":"#/components/schemas/QualificationLog"}}}}},"400":{"description":"Bad request"},"500":{"description":"Internal server error"}},"tags":["Qualification"],"security":[{"bearer":[]},{"bearer":[]}]}},"/api/carrier/qualifications/{id}/export":{"get":{"operationId":"QualificationController_exportQualification","summary":"Get qualification export file by id","parameters":[{"name":"x-tenant-id","in":"header","description":"AMOP's tenant id","required":true,"schema":{"type":"string"}},{"name":"id","required":true,"in":"path","schema":{"type":"number"}}],"responses":{"200":{"description":"Export qualification for the id provided","content":{"application/vnd.openxmlformats-officedocument.spreadsheetml.sheet":{"schema":{"type":"string","format":"binary","description":"Excel file"}}},"headers":{"Content-Type":{"schema":{"type":"string","description":"application/vnd.openxmlformats-officedocument.spreadsheetml.sheet"}}}},"400":{"description":"Bad request"},"500":{"description":"Internal server error"}},"tags":["Qualification"],"security":[{"bearer":[]},{"bearer":[]}]}},"/api/carrier/qualifications/{id}/requalify":{"post":{"operationId":"QualificationController_requalifyQualification","summary":"Re-qualify an existing qualification","parameters":[{"name":"x-tenant-id","in":"header","description":"AMOP's tenant id","required":true,"schema":{"type":"string"}},{"name":"id","required":true,"in":"path","schema":{"type":"number"}}],"responses":{"201":{"description":""},"400":{"description":"Bad request"},"500":{"description":"Internal server error"}},"tags":["Qualification"],"security":[{"bearer":[]},{"bearer":[]}]}}},"info":{"title":"Carrier API","description":"","version":"1.0.0","contact":{}},"tags":[],"servers":[{"url":"https://sandbox-device-api.amop.services","description":"Sandbox"},{"url":"https://pro-api.amop.services","description":"Production"}],"components":{"securitySchemes":{"apiKey":{"type":"apiKey","in":"header","name":"x-api-key"},"bearer":{"scheme":"bearer","bearerFormat":"JWT","type":"http"}},"schemas":{"QualificationWithCountsDTO":{"type":"object","properties":{"id":{"type":"number"},"IsQualified":{"type":"boolean"},"ServiceLineId":{"type":"string"},"DeviceBulkChangeId":{"type":"number"},"TenantId":{"type":"number"},"Status":{"type":"string","enum":["NEW","PROCESSING","PROCESSED","ERROR"]},"CreatedDate":{"format":"date-time","type":"string"},"CreatedBy":{"type":"string"},"Uploaded":{"type":"number"},"Successful":{"type":"number"},"Errors":{"type":"number"}},"required":["id","IsQualified","TenantId","CreatedDate","CreatedBy","Uploaded","Successful","Errors"]},"PaginateResultDto_QualificationWithCountsDTO":{"type":"object","properties":{"results":{"type":"array","items":{"$ref":"#/components/schemas/QualificationWithCountsDTO"}},"totalResults":{"type":"number"},"page":{"type":"number"}},"required":["results","totalResults","page"]},"QualificationAddress":{"type":"object","properties":{}},"PaginateResultDto_QualificationAddress":{"type":"object","properties":{"results":{"type":"array","items":{"$ref":"#/components/schemas/QualificationAddress"}},"totalResults":{"type":"number"},"page":{"type":"number"}},"required":["results","totalResults","page"]},"AddressQualifyRequest":{"type":"object","properties":{"siteId":{"type":"string","description":"Site Identifier, can be site name or site code","example":"Fairhope"},"addressLine":{"type":"string","description":"Address Line","example":"455 Magnolia Ave suite b"},"city":{"type":"string","description":"City","example":"Fairhope"},"state":{"type":"string","description":"State","example":"AL"},"country":{"type":"string","description":"Country","example":"US"},"postalCode":{"type":"string","description":"Postal Code","example":"36532"}},"required":["siteId","addressLine","city","state","country","postalCode"]},"QualificationCreateRequest":{"type":"object","properties":{"serviceType":{"type":"string","description":"Service Line Identifier (AIAB supported only for now)","example":"AIAB","enum":["AIAB"]},"addresses":{"description":"List of addresses to qualify","type":"array","items":{"$ref":"#/components/schemas/AddressQualifyRequest"}}},"required":["serviceType","addresses"]},"Qualification":{"type":"object","properties":{}},"QualificationLog":{"type":"object","properties":{}}}}}