{"openapi":"3.1.0","info":{"title":"SIM MANAGEMENT API","description":"API documentation","version":"2.0.0"},"servers":[{"url":"https://demo-api.amop.services","description":"SandBox Server"}],"paths":{"/get_status_history":{"post":{"summary":"Retrieve ICCID History","tags":["Inventory"],"description":"Fetches the action history for a specified ICCID in the SIM management inventory.","operationId":"retrieve_iccid_history","requestBody":{"description":"Input payload containing the ICCID and authentication token to fetch its history.","required":true,"content":{"application/json":{"schema":{"type":"object","properties":{"z_access_token":{"type":"string","description":"Authentication token required for accessing the resource."},"iccid":{"type":"string","description":"The ICCID of the SIM card for which the history needs to be retrieved."}},"required":["z_access_token","iccid"]}}}},"responses":{"200":{"description":"History retrieved successfully for the specified ICCID.","content":{"application/json":{"schema":{"type":"object","properties":{"message":{"type":"string","description":"Details of the operation's success or other relevant information."},"status_code":{"type":"integer","description":"HTTP status code representing the outcome of the request."},"data":{"type":"array","items":{"type":"object","properties":{"action":{"type":"string","description":"Description of the action performed on the ICCID."},"timestamp":{"type":"string","format":"date-time","description":"Timestamp of when the action was performed."},"performed_by":{"type":"string","description":"Identifier of the user or system that performed the action."}}},"description":"List of actions performed on the ICCID."}}}}}},"400":{"description":"Invalid request. Missing or incorrect parameters in the input payload."},"500":{"description":"Server error occurred while processing the request."}}}},"/list_devices":{"post":{"summary":"Get List of Devices","tags":["Inventory"],"description":"Retrieves a list of devices along with their details.","operationId":"list_devices_get","requestBody":{"description":"Input payload containing the ICCID and authentication token to fetch its history.","required":true,"content":{"application/json":{"schema":{"type":"object","properties":{"z_access_token":{"type":"string","description":"Authentication token required for accessing the resource."}},"required":["z_access_token"]}}}},"responses":{"200":{"description":"List of devices retrieved successfully.","content":{"application/json":{"schema":{"type":"array","items":{"type":"object","properties":{"device_id":{"type":"string","description":"Unique ID of the device."},"iccid":{"type":"string","description":"ICCID associated with the device."},"status":{"type":"string","description":"Current status of the device."},"imei":{"type":"string","description":"IMEI number of the device."},"service_provider_name":{"type":"string","description":"Name of the service provider."},"rate_plan":{"type":"string","description":"Rate plan associated with the device."},"customer_name":{"type":"string","description":"Name of the customer."},"communication_plan":{"type":"string","description":"Communication plan details."},"cost_center":{"type":"string","description":"Cost center information."},"carrier_cycle_usage":{"type":"string","description":"Carrier cycle usage details."},"customer_cycle_usage":{"type":"string","description":"Customer cycle usage details."}}}}}}},"401":{"description":"Unauthorized Access. Invalid or missing authentication token."},"500":{"description":"Internal Server Error. An unexpected error occurred."}}}},"/change_carrier_rate_plan":{"post":{"summary":"Change Carrier Rate Plan","tags":["Inventory"],"description":"This API allows users to update the rate plans associated with their accounts, including account-specific and shared rate plans. It provides the capability to modify existing rate plans or integrate updated details into systems for efficient subscription and billing management.","operationId":"update_rate_plan_post","requestBody":{"description":"Input data required for updating the rate plan details.","required":true,"content":{"application/json":{"schema":{"type":"object","properties":{"z_access_token":{"type":"string","description":"Authentication token to validate the request."},"iccid":{"type":"string","description":"The ICCID of the SIM for which the rate plan update is being requested."},"changed_data":{"type":"object","description":"Details of the data to be updated in the inventory. Example: {'carrier_rate_plan_name': '...', 'communication_plan': '...'}","properties":{"carrier_rate_plan_name":{"type":"string","description":"New carrier rate plan to be updated."},"communication_plan":{"type":"string","description":"Update communication plan details."}}}},"required":["z_access_token","iccid","changed_data"]}}}},"responses":{"200":{"description":"The carrier rate plan was successfully updated.","content":{"application/json":{"schema":{"type":"object","properties":{"flag":{"type":"boolean","description":"Indicates whether the operation was successful (true) or failed (false)."},"message":{"type":"string","description":"A message detailing the outcome of the operation."}}}}}},"400":{"description":"Bad Request. Input parameters are invalid or incomplete."},"401":{"description":"Unauthorized Access. Invalid or missing authentication token."},"500":{"description":"Internal Server Error. An unexpected error occurred while processing the request."}}}},"/change_customer_rate_plan":{"post":{"summary":"Change Customer Rate Plan","tags":["Inventory"],"description":"This API allows users to update the rate plans associated with their customers. It facilitates modifying existing rate plans and integrating updated details into the system for streamlined subscription and billing management.","operationId":"update_customer_rate_plan_post","requestBody":{"description":"Input data required for updating the customer rate plan details.","required":true,"content":{"application/json":{"schema":{"type":"object","properties":{"z_access_token":{"type":"string","description":"Authentication token to validate the request."},"iccid":{"type":"string","description":"The ICCID of the SIM for which the rate plan update is being requested."},"changed_data":{"type":"object","description":"Data that needs to be updated, must contain either  `customer_rate_plan_name` or `customer_rate_pool_name`.","properties":{"customer_rate_plan_name":{"type":"string","description":"New customer rate plan to be updated as it is a mandatory field."},"customer_rate_pool_name":{"type":"string","description":"Provide the required customer rate pool"}}}},"required":["z_access_token","iccid","changed_data"]}}}},"responses":{"200":{"description":"The customer rate plan was successfully updated.","content":{"application/json":{"schema":{"type":"object","properties":{"flag":{"type":"boolean","description":"Indicates whether the operation was successful (true) or failed (false)."},"message":{"type":"string","description":"A message detailing the outcome of the operation."}}}}}},"400":{"description":"Bad Request. Input parameters are invalid or incomplete."},"401":{"description":"Unauthorized Access. Invalid or missing authentication token."},"500":{"description":"Internal Server Error. An unexpected error occurred while processing the request."}}}},"/update_username":{"post":{"summary":"Update Username","tags":["Inventory"],"description":"This API allows secure and efficient updates to user usernames. It ensures the changes are accurately reflected across all associated systems with proper tracking.","operationId":"update_username_post","requestBody":{"description":"Required input data to update the username.","required":true,"content":{"application/json":{"schema":{"type":"object","properties":{"z_access_token":{"type":"string","description":"Authentication token for the request."},"iccid":{"type":"string","description":"The ICCID of the SIM for which the username update is being requested."},"changed_data":{"type":"object","description":"Details of the username to be updated, e.g., {'username': 'new_username'}."}},"required":["z_access_token","iccid","changed_data"]}}}},"responses":{"200":{"description":"Successfully updated the username.","content":{"application/json":{"schema":{"type":"object","properties":{"flag":{"type":"boolean","description":"Indicates success (true) or failure (false)."},"message":{"type":"string","description":"Details of the operation's result."}}}}}},"400":{"description":"Bad Request. Invalid input or missing parameters."},"401":{"description":"Unauthorized Access. Invalid or missing authentication token."},"500":{"description":"Internal Server Error."}}}},"/deactivate_service_product":{"post":{"summary":"Deactivate Service Products","tags":["Revenue Assurance"],"description":"This API deactivates specified service products for customers by validating input data, initiating external API calls, and updating the database with the deactivation status.","operationId":"deactivate_service_product_post","requestBody":{"description":"Required input data to deactivate service products.","required":true,"content":{"application/json":{"schema":{"type":"object","properties":{"z_access_token":{"type":"string","description":"Authentication token for the request."},"service_product_details":{"type":"array","description":"List of service products to deactivate.","items":{"type":"object","properties":{"service_product_id":{"type":"string","description":"ID of the service product to deactivate."},"effective_date":{"type":"string","format":"date","description":"Effective date for deactivation."},"generate_proration":{"type":"boolean","description":"Specifies if proration should be applied."}},"required":["service_product_id","effective_date","generate_proration"]}},"customer_ids":{"type":"array","description":"List of customer IDs associated with the service products.","items":{"type":"string"}}},"required":["z_access_token","service_product_details","customer_ids"]}}}},"responses":{"200":{"description":"Successfully processed the deactivation request.","content":{"application/json":{"schema":{"type":"object","properties":{"flag":{"type":"boolean","description":"Indicates whether the operation was successful."},"data":{"type":"array","description":"Detailed statuses for each service product.","items":{"type":"object","properties":{"service_product_id":{"type":"string","description":"ID of the service product."},"status":{"type":"string","description":"Outcome for this product (e.g., Success, Failed)."},"error_message":{"type":"string","description":"Error message, if applicable."},"error_code":{"type":"integer","description":"HTTP status code in case of failure."}}}},"message":{"type":"string","description":"Summary of the operation's outcome."},"total_selected_product":{"type":"integer","description":"Number of processed service products."},"RevCustomerId":{"type":"array","description":"List of processed customer IDs.","items":{"type":"string"}}}}}}},"400":{"description":"Bad Request. Invalid or missing input."},"401":{"description":"Unauthorized Access. Invalid or missing token."},"500":{"description":"Internal Server Error."}}}},"/carrier_rate_plan_list_view":{"post":{"summary":"Retrieve Carrier Rate Plans","tags":["Rate Plans"],"description":"Fetches a list of carrier rate plans for a given provider, including associated pricing and plan information.","operationId":"get_carrier_rate_plan_list_view","requestBody":{"description":"Input data required to retrieve carrier rate plans.","required":true,"content":{"application/json":{"schema":{"type":"object","properties":{"z_access_token":{"type":"string","description":"Authentication token for the request."}},"required":["z_access_token"]}}}},"responses":{"200":{"description":"Successfully retrieved the carrier rate plan list.","content":{"application/json":{"schema":{"type":"object","properties":{"rate_plans":{"type":"array","description":"List of carrier rate plans.","items":{"type":"object","properties":{"rate_plan_code":{"type":"string","description":"Unique code for the rate plan."},"rate_plan_name":{"type":"string","description":"Name of the rate plan."}}}},"total_rate_plans":{"type":"integer","description":"Total number of available rate plans."}}}}}},"400":{"description":"Bad Request. Invalid or missing parameters."},"404":{"description":"Not Found. Specified provider or rate plans not found."},"500":{"description":"Internal Server Error."}}}},"/add_service_line":{"post":{"summary":"Add Service Line Details","tags":["Revenue Assurance"],"description":"API to add service line details using the provided input fields.","operationId":"addServiceLineDetails","requestBody":{"description":"Required input for adding service line details.","required":true,"content":{"application/json":{"schema":{"type":"object","properties":{"z_access_token":{"type":"string","description":"Authentication token for validation."},"revio_product":{"type":"string","description":"Revio product associated with the service line."},"service_type":{"type":"string","description":"Type of the service."},"provider_name":{"type":"string","description":"Name of the Rev.IO provider."},"rev_usage_plan_group":{"type":"string","description":"Usage plan group for the Revio product."},"customer_name":{"type":"string","description":"Name of the customer."},"revio_package":{"type":"string","description":"Revio package linked to the service line."},"iccids":{"type":"array","description":"List of ICCIDs (SIM card IDs).","items":{"type":"string","description":"Single ICCID value."}},"service_numbers":{"type":"array","description":"List of Service Numbers","items":{"type":"string","description":"Single Service Number value."}},"description":{"type":"string","description":"Additional details for the service line."},"rate":{"type":"array","description":"List of rates associated with the service line.","items":{"type":"number","format":"float","description":"Rate value."}},"quantity":{"type":"integer","description":"Number of service units."},"activation_date":{"type":"string","format":"date","description":"Activation date (calendar selectable)."},"add_rate_plan":{"type":"boolean","description":"Flag to add a new rate plan."},"rate_plan":{"type":"string","description":"Associated rate plan."},"prorate":{"type":"boolean","description":"Flag to indicate prorating."},"service_provider":{"type":"string","enum":["AT&T - Cisco Jasper","AT&T - POD19","AT&T - Telegence - UAT ONLY","AT&T - eBonding","POND IoT","T-Mobile Jasper","Teal","Verizon - ThingSpace IoT","Verizon - ThingSpace PN","AT&T - Telegence"],"description":"Dropdown for selecting a service provider."}},"required":["revio_product","service_type","provider_name","customer_name","quantity","activation_date","service_provider","iccids","service_numbers"]}}}},"responses":{"200":{"description":"Service line details successfully added.","content":{"application/json":{"schema":{"type":"object","properties":{"flag":{"type":"boolean","description":"Success status of the operation."},"message":{"type":"string","description":"Result message."},"service_line_id":{"type":"string","description":"Unique identifier for the service line."}}}}}},"400":{"description":"Bad request due to invalid input."},"401":{"description":"Unauthorized access due to invalid token."},"500":{"description":"Internal server error."}}}},"/add_service_product":{"post":{"summary":"Add Service Product Data","tags":["Revenue Assurance"],"description":"API to add service product details using provided input.","operationId":"addServiceProduct","requestBody":{"description":"Required input for adding a service product.","required":true,"content":{"application/json":{"schema":{"type":"object","properties":{"z_access_token":{"type":"string","description":"Authentication token for validation."},"service_provider":{"type":"string","enum":["AT&T - Cisco Jasper","AT&T - POD19","AT&T - Telegence - UAT ONLY","AT&T - eBonding","POND IoT","T-Mobile Jasper","Teal","Verizon - ThingSpace IoT","Verizon - ThingSpace PN","AT&T - Telegence"],"description":"Dropdown for selecting a service provider."},"customer_name":{"type":"string","description":"Name of the customer."},"product_name":{"type":"string","description":"Name of the product."},"description":{"type":"string","description":"Describes the result of the operation."},"service_id":{"type":"array","items":{"type":"string","description":"List of Service Ids required to be applied."}},"rate":{"type":"number","description":"Product rate."},"quantity":{"type":"integer","description":"Number of product units."},"prorate":{"type":"boolean","description":"Flag to indicate if the product should be prorated."},"effective_date":{"type":"string","format":"date","description":"Effective date for the product."}},"required":["customer_name","product_name","rate","quantity","effective_date","service_provider","prorate","service_id"]}}}},"responses":{"200":{"description":"Product details successfully added.","content":{"application/json":{"schema":{"type":"object","properties":{"flag":{"type":"boolean","description":"Indicates operation success or failure."},"message":{"type":"string","description":"Result message."}}}}}},"400":{"description":"Bad request due to invalid input."},"401":{"description":"Unauthorized access due to invalid token."},"500":{"description":"Internal server error."}}}},"/assign_service_data":{"post":{"summary":"Submit Service Assignment Data","tags":["Revenue Assurance"],"description":"API to submit service assignment data, retrieve database details, and execute related operations.","operationId":"submit_assign_service_data_post","requestBody":{"description":"Input parameters for service assignment.","required":true,"content":{"application/json":{"schema":{"type":"object","properties":{"z_access_token":{"type":"string","description":"Authentication token for authorization."},"customer_name":{"type":"string","description":"Customer's name."},"service_number":{"type":"string","description":"Unique service number for the customer."},"effective_date":{"type":"string","format":"date","description":"Date when the service assignment becomes effective date format should be YYYY-MM-DD (e.g. 2025-04-09)."},"quantity":{"type":"integer","description":"Number of services to assign."},"service_type":{"type":"string","description":"Service type identifier."},"revio_package":{"type":"string","description":"Package ID associated with the service."},"revio_product":{"type":"array","items":{"type":"string","description":"List of product IDs linked to the service."}}},"required":["z_access_token","customer_name","service_number","effective_date","quantity","service_type"]}}}},"responses":{"200":{"description":"Service assignment successfully completed.","content":{"application/json":{"schema":{"type":"object","properties":{"flag":{"type":"boolean","description":"Indicates success (true) or failure (false)."},"message":{"type":"string","description":"Details of the operation's outcome."}}}}}},"400":{"description":"Invalid input or missing parameters."},"401":{"description":"Unauthorized access due to invalid or missing token."},"500":{"description":"Unexpected server error."}}}},"/get_rev_details":{"post":{"summary":"Get Rev Details","tags":["Revenue Assurance"],"description":"API to retrieve Rev details using the provided input fields.","operationId":"get_rev_details","requestBody":{"description":"Input parameters to fetch Rev details.","required":true,"content":{"application/json":{"schema":{"type":"object","properties":{"z_access_token":{"type":"string","description":"Authentication token for authorization."},"page":{"type":"string","description":"To get the page"}},"required":["z_access_token"]}}}},"responses":{"200":{"description":"Rev details retrieved successfully.","content":{"application/json":{"schema":{"type":"object","properties":{"flag":{"type":"boolean","description":"Indicates success (true) or failure (false)."},"message":{"type":"string","description":"Details of the operation's outcome."}}}}}},"400":{"description":"Invalid input or missing parameters."},"401":{"description":"Unauthorized access due to invalid or missing token."},"500":{"description":"Unexpected server error."}}}},"/create_customer_rate_plan":{"post":{"summary":"Create Customer Rate Plan","tags":["Rate Plans"],"description":"API to create customer rate plans with the provided details.","operationId":"create_customer_rate_plan","requestBody":{"description":"Parameters to define or update a rate plan.","required":true,"content":{"application/json":{"schema":{"type":"object","properties":{"z_access_token":{"type":"string","description":"Authentication token for authorization."},"service_provider":{"type":"string","enum":["AT&T - Cisco Jasper","AT&T - POD19","AT&T - Telegence - UAT ONLY","Bandwidth.com","POND IoT","Rogers Sandbox","T-Mobile - Advantage","T-Mobile Jasper","Teal","Verizon - ThingSpace IoT","Verizon - ThingSpace PN","AT&T - Telegence"],"description":"Dropdown field for selecting the service provider responsible for handling the update."},"allows_sim_pooling":{"type":"boolean","description":"Flag indicating SIM pooling eligibility."},"base_rate":{"type":"number","format":"float","description":"Base rate amount."},"data_per_overage_charge":{"type":"number","format":"float","description":"Charge applied per overage data usage."},"is_billing_advance_eligible":{"type":"boolean","description":"Flag indicating eligibility for billing advance."},"optimization_type":{"type":"string","enum":["Cross Customer Pooling","Auto Change Rate Plan","Standard"],"description":"Type of optimization applied to the rate plan."},"overage_rate_cost":{"type":"number","format":"float","description":"Cost applied for overage rates."},"plan_mb":{"type":"number","format":"float","description":"Data limit for the plan in MB."},"rate_charge_amt":{"type":"number","format":"float","description":"Amount charged for the rate plan."},"rate_plan_code":{"type":"string","description":"Unique code for the rate plan."},"rate_plan_name":{"type":"string","description":"Name of the rate plan."},"sms_rate":{"type":"number","format":"float","description":"Rate applied for SMS usage."},"soc_code":{"type":"string","nullable":true,"description":"SOC code associated with the rate plan."},"surcharge_3g":{"type":"number","format":"float","description":"Rate applied for 3G usage surcharge."}},"required":["rate_plan_name","service_provider","z_access_token"]}}}},"responses":{"200":{"description":"Customer rate plan processed successfully.","content":{"application/json":{"schema":{"type":"object","properties":{"flag":{"type":"boolean","description":"Indicates success (true) or failure (false)."},"message":{"type":"string","description":"Details of the operation's outcome."}}}}}},"400":{"description":"Invalid input or missing parameters."},"500":{"description":"Unexpected server error."}}}},"/update_carrier_rate_plan":{"post":{"summary":"Update Carrier Rate Plan","tags":["Rate Plans"],"description":"Allows updating details of an existing carrier rate plan.","operationId":"update_carrier_rate_plan","requestBody":{"description":"Payload required to update a carrier rate plan.","required":true,"content":{"application/json":{"schema":{"type":"object","properties":{"z_access_token":{"type":"string","description":"Authentication token for authorization."},"service_provider":{"type":"string","enum":["AT&T - Cisco Jasper","AT&T - POD19","AT&T - Telegence - UAT ONLY","Bandwidth.com","POND IoT","Rogers Sandbox","T-Mobile - Advantage","T-Mobile Jasper","Teal","Verizon - ThingSpace IoT","Verizon - ThingSpace PN","AT&T - Telegence"],"description":"Dropdown field for selecting the service provider responsible for handling the update."},"allows_sim_pooling":{"type":"boolean","description":"Indicates if SIM pooling is permitted."},"data_per_overage_charge":{"type":"number","format":"float","description":"The charge per unit of overage data."},"is_retired":{"type":"boolean","description":"Denotes if the rate plan is retired."},"overage_rate_cost":{"type":"number","format":"float","description":"Cost incurred for overage rates."},"plan_mb":{"type":"integer","description":"Data limit in MB for the rate plan."},"rate_plan_code":{"type":"string","description":"Unique identifier for the rate plan."}},"required":["z_access_token","service_provider","data_per_overage_charge","rate_plan_code"]}}}},"responses":{"200":{"description":"Carrier rate plan updated successfully.","content":{"application/json":{"schema":{"type":"object","properties":{"success":{"type":"boolean","description":"Indicates if the operation succeeded."},"message":{"type":"string","description":"Provides the outcome of the update."}}}}}},"400":{"description":"Invalid input or missing required parameters."},"404":{"description":"Rate plan not found."},"500":{"description":"An error occurred while processing the request."}}}},"/customer_rate_plan_list_view":{"post":{"summary":"Retrieve Customer Rate Plans","tags":["Rate Plans"],"description":"Fetches a paginated list of customer rate plans along with relevant service provider details.","operationId":"customer_rate_plan_list_view","requestBody":{"description":"Payload for retrieving customer rate plans.","required":true,"content":{"application/json":{"schema":{"type":"object","properties":{"z_access_token":{"type":"string","description":"Authentication token for authorization."}},"required":["z_access_token"]}}}},"responses":{"200":{"description":"Customer rate plans retrieved successfully.","content":{"application/json":{"schema":{"type":"object","properties":{"message":{"type":"string","description":"Outcome message of the operation."},"status_code":{"type":"integer","description":"HTTP status code indicating the result."},"carrier_rate_plan_data":{"type":"array","items":{"type":"object","properties":{"service_provider_name":{"type":"string","description":"Name of the service provider."},"rate_plan_code":{"type":"string","description":"Unique identifier for the rate plan."},"rate_plan_name":{"type":"string","description":"Name of the rate plan."},"rate_charge_amount":{"type":"string","description":"Charge amount for the rate plan."},"min_plan_data_mb":{"type":"integer","description":"Minimum data limit (in MB) for the plan."},"max_plan_data_mb":{"type":"integer","description":"Maximum data limit (in MB) for the plan."},"base_rate":{"type":"number","format":"float","description":"Base rate associated with the plan."},"overage_rate_cost":{"type":"number","format":"float","description":"Cost for exceeding data limits."},"plan_mb":{"type":"integer","description":"Allocated data in MB for the plan."},"data_per_overage_charge":{"type":"number","format":"float","description":"Charge applied per unit of overage data."},"sms_rate":{"type":"string","description":"Rate for SMS services within the plan."}}}}}}}}},"400":{"description":"Client ID missing or invalid parameters provided."},"500":{"description":"Server error while processing the request."}}}},"/update_customer_rate_plan":{"post":{"summary":"Update Customer Rate Plan","tags":["Rate Plans"],"description":"Updates an existing customer rate plan using the provided input data.","operationId":"update_customer_rate_plan","requestBody":{"description":"Contains the necessary data to update the customer rate plan.","required":true,"content":{"application/json":{"schema":{"type":"object","properties":{"z_access_token":{"type":"string","description":"Authentication token for the request."},"optimization_type":{"type":"string","enum":["Cross Customer Pooling","Auto Change Rate Plan","Standard"],"description":"Type of optimization applied to the rate plan."},"service_provider":{"type":"string","enum":["AT&T - Cisco Jasper","AT&T - POD19","AT&T - Telegence - UAT ONLY","Bandwidth.com","POND IoT","Rogers Sandbox","T-Mobile - Advantage","T-Mobile Jasper","Teal","Verizon - ThingSpace IoT","Verizon - ThingSpace PN","AT&T - Telegence"],"description":"Dropdown field for selecting the service provider responsible for handling the update."},"allows_sim_pooling":{"type":"boolean","description":"Indicates if SIM pooling is allowed."},"base_rate":{"type":"float","description":"Base rate of the plan."},"data_per_overage_charge":{"type":"float","description":"Charge per overage data."},"is_billing_advance_eligible":{"type":"boolean","description":"Indicates if the plan is eligible for billing advance."},"overage_rate_cost":{"type":"float","description":"Cost per overage rate."},"plan_mb":{"type":"number","format":"float","description":"Data limit in MB for the rate plan."},"rate_charge_amt":{"type":"number","format":"float","description":"Rate charge amount."},"rate_plan_code":{"type":"string","description":"List of rate plan codes."},"rate_plan_name":{"type":"string","description":"Name of the rate plan."},"sms_rate":{"type":"number","format":"float","description":"Rate for SMS in the rate plan."},"soc_code":{"type":"string","nullable":true,"description":"SOC code of the rate plan."},"surcharge_3g":{"type":"string","description":"3G surcharge rate."}},"required":["z_access_token","rate_plan_name","service_provider"]}}}},"responses":{"200":{"description":"Successfully processed the rate plan.","content":{"application/json":{"schema":{"type":"object","properties":{"flag":{"type":"boolean","description":"Indicates success or failure."},"message":{"type":"string","description":"Describes the result of the operation."}}}}}},"400":{"description":"Bad Request. Invalid or missing parameters."},"500":{"description":"Internal Server Error."}}}},"/update_device_status":{"post":{"summary":"Update Device Status","tags":["Inventory"],"description":"Updates the status of a device. Requires a valid `z_access_token` and `changed_data` containing the `sim_status` to successfully update the device status.","operationId":"update_device_status_post","requestBody":{"description":"Input data to update the device status.","required":true,"content":{"application/json":{"schema":{"type":"object","properties":{"z_access_token":{"type":"string","description":"Access token for authentication."},"iccid":{"type":"string","description":"Device that need to be updated."},"service_provider":{"type":"string","enum":["AT&T - Cisco Jasper","AT&T - POD19","AT&T - Telegence - UAT ONLY","Bandwidth.com","POND IoT","Rogers Sandbox","T-Mobile - Advantage","T-Mobile Jasper","Teal","Verizon - ThingSpace IoT","Verizon - ThingSpace PN","Kore","AT&T - Telegence"],"description":"Dropdown field for selecting the service provider responsible for handling the update."},"changed_data":{"type":"object","properties":{"sim_status":{"type":"string","description":"New status to be updated."}},"description":"Data that needs to be updated, must contain the `sim_status` and `iccid` fields."}},"required":["z_access_token","service_provider","changed_data","iccid","sim_status"]}}}},"responses":{"200":{"description":"Successful response. Device status is updated.","content":{"application/json":{"schema":{"type":"object","properties":{"message":{"type":"string","description":"Status message indicating success."},"status_code":{"type":"integer","description":"Status code indicating the outcome of the request."}}}}}},"400":{"description":"Bad Request. Invalid input or missing parameters."},"500":{"description":"Internal Server Error."}}}},"/assign_customer":{"post":{"summary":"Assign Customer","tags":["Inventory"],"description":"Assigns a customer to a specific resource. Requires a valid `z_access_token` and `changed_data` containing the `customer_name`.","operationId":"assign_customer_post","requestBody":{"description":"Input data to assign a customer.","required":true,"content":{"application/json":{"schema":{"type":"object","properties":{"z_access_token":{"type":"string","description":"Access token for authentication."},"iccid":{"type":"string","description":"The ICCID for which the Customer Name update is initiated."},"changed_data":{"type":"object","description":"Data that needs to be updated, must contain the `customer_name`.","properties":{"customer_name":{"type":"string","description":"New Customer Name to be updated."}}}},"required":["z_access_token","changed_data","iccid","customer_name"]}}}},"responses":{"200":{"description":"Successful response. Customer is assigned to the resource.","content":{"application/json":{"schema":{"type":"object","properties":{"message":{"type":"string","description":"Status message indicating success."},"status_code":{"type":"integer","description":"Status code indicating the outcome of the request."}}}}}},"400":{"description":"Bad Request. Invalid input or missing parameters."},"500":{"description":"Internal Server Error."}}}},"/bulk_change_username_costcenter":{"post":{"summary":"Update Username and Cost Center","tags":["Bulk Change"],"description":"This API facilitates updating the username and cost center for a specified set of records. The payload must include valid `ContactName` and `CostCenter1` details. Requests with incomplete or invalid data will result in an error response.","operationId":"bulk_change_username_costcenter_post","requestBody":{"description":"Payload for updating username and cost center.","required":true,"content":{"application/json":{"schema":{"type":"object","properties":{"z_access_token":{"type":"string","description":"Authentication token for accessing the API."},"service_provider":{"type":"string","enum":["AT&T - Cisco Jasper","AT&T - POD19","AT&T - Telegence - UAT ONLY","Bandwidth.com","POND IoT","Rogers Sandbox","T-Mobile - Advantage","T-Mobile Jasper","Teal","Verizon - ThingSpace IoT","Verizon - ThingSpace PN","AT&T - Telegence"],"description":"Dropdown field for selecting the service provider responsible for handling the update."},"iccids":{"type":"array","items":{"type":"string","description":"List of ICCIDs to be updated."},"description":"Array of ICCIDs targeted for the update."},"changed_data":{"type":"object","properties":{"ContactName":{"type":"string","description":"New contact name to be updated."},"CostCenter1":{"type":"string","description":"New cost center identifier to be updated."}},"required":["ContactName","CostCenter1","service_provider"],"description":"Details of the updates to be applied."}},"required":["z_access_token","iccids"]}}}},"responses":{"200":{"description":"Request processed successfully, and data has been updated.","content":{"application/json":{"schema":{"type":"object","properties":{"message":{"type":"string","description":"Success message indicating the operation was completed."},"status_code":{"type":"integer","description":"HTTP status code indicating success (200) or an alternate response."}}}}}},"400":{"description":"Bad Request. The request contains invalid or missing required fields."},"500":{"description":"Internal Server Error. An unexpected error occurred while processing the request."}}}},"/bulk_update_device_status":{"post":{"summary":"Update Device Status","tags":["Bulk Change"],"description":"This API facilitates updating the status of devices based on the provided input. Users must supply specific details, including device identifiers (ICCIDs) and the new status to be applied. Additional optional fields may be included to refine the update.","operationId":"bulk_update_device_status","requestBody":{"description":"Payload containing the necessary details for updating device status.","required":true,"content":{"application/json":{"schema":{"type":"object","properties":{"z_access_token":{"type":"string","description":"Authentication token for accessing the API."},"service_provider":{"type":"string","enum":["AT&T - Cisco Jasper","AT&T - POD19","AT&T - Telegence - UAT ONLY","Bandwidth.com","POND IoT","Rogers Sandbox","T-Mobile - Advantage","T-Mobile Jasper","Teal","Verizon - ThingSpace IoT","Verizon - ThingSpace PN","AT&T - Telegence"],"description":"Dropdown field for selecting the service provider responsible for handling the update."},"iccids":{"type":"array","items":{"type":"string","description":"Unique ICCID for each device."},"description":"Array of ICCIDs for devices requiring status updates."},"changed_data":{"type":"object","properties":{"UpdateStatus":{"type":"string","description":"New status to be applied to the specified devices check the status that is allowed."}},"required":["iccids","service_provider","UpdateStatus"]}},"required":["z_access_token","service_provider","iccids"]}}}},"responses":{"200":{"description":"Device status successfully updated.","content":{"application/json":{"schema":{"type":"object","properties":{"status":{"type":"string","description":"Message indicating successful status update."}}}}}},"400":{"description":"Bad Request. Invalid input or missing required fields."},"500":{"description":"Internal Server Error. Unable to process the request due to server issues."}}}},"/bulk_change_activate_service":{"post":{"summary":"Activate New Service","tags":["Bulk Change"],"description":"This API enables the activation of a new service by processing the submitted data, which includes service category, user details, and device information. The service activation is executed based on the provided payload.","operationId":"bulk_change_activate_service_post","requestBody":{"description":"Payload containing necessary information to activate a new service.","required":true,"content":{"application/json":{"schema":{"type":"object","properties":{"z_access_token":{"type":"string","description":"Authentication token for accessing the API."},"service_provider":{"type":"string","enum":["AT&T - Telegence - UAT ONLY"],"description":"Dropdown field for selecting the service provider responsible for handling the update."},"changed_data":{"type":"object","properties":{"TelegenceActivationRequest":{"type":"object","properties":{"billingAccount":{"type":"object","properties":{"Number":{"type":"string","description":"Billing Account Number"}},"required":["Number"]},"RatePlanCode":{"type":"string","description":"Rate Plan Code that needs to be updated"},"FeatureCode":{"type":"string","description":"Feature Code that needs to be updated"},"RatePlanGroup":{"type":"string","description":"rate Plan Group that needs to be updated"},"RatePool":{"type":"string","description":"Rate Pool that needs to be updated"},"Assign Customer":{"type":"string","description":"Customer that needs to be updated"},"Static IP Address":{"type":"boolean","description":"set static ip address to  true else false"},"SubscriberDetails":{"type":"array","items":{"type":"object","properties":{"SubscriberFirstName":{"type":"string","description":"Subscriber First Name"},"SubscriberLastName":{"type":"string","description":"Subscriber Last Name"},"StreetNumber":{"type":"string","description":"Subscriber Street Number"},"StreetDirection":{"type":"string","description":"Street name"},"City":{"type":"string","description":"City"},"State":{"type":"string","description":"State"},"ZipCode":{"type":"string","description":"Zip code"}}}},"iccids":{"type":"array","items":{"type":"string","description":"ICCID identifiers"}},"imei":{"type":"array","items":{"type":"string","description":"IMEI numbers"}}},"required":["billingAccount","iccids","imei","SubscriberDetails"]}}}},"required":["z_access_token","service_provider","changed_data"]}}}},"responses":{"200":{"description":"Service successfully activated.","content":{"application/json":{"schema":{"type":"object","properties":{"status":{"type":"string","description":"Indicates the success of the service activation."},"message":{"type":"string","description":"Additional information about the activation process."}}}}}},"400":{"description":"Bad Request. The input parameters are invalid or missing."},"500":{"description":"Internal Server Error. An unexpected condition occurred on the server."}}}},"/bulk_assign_customer":{"post":{"summary":"Assign Customer","tags":["Bulk Change"],"description":"This API assigns a customer to the specified ICCID and updates the system with the provided data. It validates the input data and processes the assignment based on the provided payload.","operationId":"bulkAssignCustomer","requestBody":{"description":"Payload for assigning a customer","required":true,"content":{"application/json":{"schema":{"type":"object","properties":{"z_access_token":{"type":"string","description":"Access token for authentication"},"service_provider":{"type":"string","enum":["AT&T - Cisco Jasper","AT&T - POD19","AT&T - Telegence - UAT ONLY","Bandwidth.com","POND IoT","Rogers Sandbox","T-Mobile - Advantage","T-Mobile Jasper","Teal","Verizon - ThingSpace IoT","Verizon - ThingSpace PN","AT&T - Telegence"],"description":"Dropdown field for selecting the service provider responsible for handling the update."},"changed_data":{"type":"object","description":"Details of the data being changed","properties":{"CreateRevService":{"type":"boolean","description":"If required to create in rev.io true else false"},"EffectiveDate":{"type":"string","format":"date-time","description":"Effective date for the assignment."},"CustomerRatePlan":{"type":"string","description":"Customer's rate plan."},"ServiceType":{"type":"string","description":"Specifies the type of service associated with the customer."},"RevCustomerId":{"type":"string","description":"The unique identifier assigned to the customer in rev.io."},"Iccids":{"type":"array","items":{"type":"string"},"description":"List of ICCIDs."}}}},"required":["z_access_token","Iccids","changed_data","service_provider"]}}}},"responses":{"200":{"description":"Operation successful","content":{"application/json":{"schema":{"type":"object","properties":{"message":{"type":"string"},"status_code":{"type":"integer"}}}}}},"400":{"description":"Invalid input data","content":{"application/json":{"schema":{"type":"object","properties":{"message":{"type":"string"},"status_code":{"type":"integer"}}}}}}}}},"/bulk_change_carrier_rate_plan":{"post":{"summary":"Carrier Rate Plan","tags":["Bulk Change"],"description":"This API allows bulk updates to carrier rate plans for specified devices. It requires the change type, updated carrier rate plan details, and other relevant metadata.","operationId":"bulk_change_carrier_rate_plan","requestBody":{"description":"Input data for updating the carrier rate plan.","required":true,"content":{"application/json":{"schema":{"type":"object","properties":{"z_access_token":{"type":"string","description":"Authentication token for the request."},"service_provider":{"type":"string","enum":["AT&T - Cisco Jasper","AT&T - POD19","AT&T - Telegence - UAT ONLY","Bandwidth.com","POND IoT","Rogers Sandbox","T-Mobile - Advantage","T-Mobile Jasper","Teal","Verizon - ThingSpace IoT","Verizon - ThingSpace PN","AT&T - Telegence"],"description":"Dropdown field for selecting the service provider responsible for handling the update."},"iccids":{"type":"array","items":{"type":"string"},"description":"List of device ICCIDs to be updated."},"changed_data":{"type":"object","properties":{"CarrierRatePlanUpdate":{"type":"object","properties":{"CarrierRatePlan":{"type":"string","description":"New carrier rate plan name."},"CommPlan":{"type":"string","nullable":true,"description":"Communication plan details (if any)."},"EffectiveDate":{"type":"string","format":"date-time","description":"Effective date of the carrier rate plan change."}},"description":"Details of the carrier rate plan update."}},"description":"Details of the change being performed."}},"required":["z_access_token","service_provider","iccids","changed_data"]}}}},"responses":{"200":{"description":"Successfully updated the carrier rate plan.","content":{"application/json":{"schema":{"type":"object","properties":{"message":{"type":"string","description":"Success message."},"status_code":{"type":"integer","description":"HTTP status code."}}}}}},"400":{"description":"Invalid input data or details.","content":{"application/json":{"schema":{"type":"object","properties":{"message":{"type":"string","description":"Error message indicating the issue."},"status_code":{"type":"integer","description":"HTTP status code."}}}}}}}}},"/bulk_change_customer_rate_plan":{"post":{"summary":"Customer Rate Plan","tags":["Bulk Change"],"description":"This API changes the customer rate plan for multiple devices based on the provided payload. The endpoint validates the data and processes the rate plan update.","operationId":"bulk_change_customer_rate_plan_post","requestBody":{"description":"Payload containing the details for updating customer rate plans.","required":true,"content":{"application/json":{"schema":{"type":"object","properties":{"z_access_token":{"type":"string","description":"Access token for authentication"},"service_provider":{"type":"string","enum":["AT&T - Cisco Jasper","AT&T - POD19","AT&T - Telegence - UAT ONLY","Bandwidth.com","POND IoT","Rogers Sandbox","T-Mobile - Advantage","T-Mobile Jasper","Teal","Verizon - ThingSpace IoT","Verizon - ThingSpace PN","AT&T - Telegence"],"description":"Dropdown field for selecting the service provider responsible for handling the update."},"iccids":{"type":"array","items":{"type":"string"},"description":"List of ICCIDs for the devices."},"changed_data":{"type":"object","properties":{"CustomerRatePlanUpdate":{"type":"object","properties":{"EffectiveDate":{"type":"string","format":"date-time","description":"Effective date for the rate plan change."},"CustomerRatePlan":{"type":"string","description":"Name of customer rate plan."},"CustomerRatePool":{"type":"string","description":"Name of the customer rate pool, if applicable."}},"required":["EffectiveDate","CustomerRatePlan"]}}}},"required":["z_access_token","service_provider","iccids","changed_data"]}}}},"responses":{"200":{"description":"Successfully updated the customer rate plans.","content":{"application/json":{"schema":{"type":"object","properties":{"message":{"type":"string","example":"Customer rate plan updated successfully."},"status_code":{"type":"integer","example":200}}}}}},"400":{"description":"Invalid input details.","content":{"application/json":{"schema":{"type":"object","properties":{"message":{"type":"string","example":"Invalid details"},"status_code":{"type":"integer","example":400}}}}}}}}},"/bulk_archive":{"post":{"summary":"Archive","tags":["Bulk Change"],"description":"This API handles bulk archiving of devices by updating their status to 'Archive'.","operationId":"bulk_archive","requestBody":{"description":"Payload for bulk archive operation.","required":true,"content":{"application/json":{"schema":{"type":"object","properties":{"z_access_token":{"type":"string","description":"Access token for authentication."},"service_provider":{"type":"string","enum":["AT&T - Cisco Jasper","AT&T - POD19","AT&T - Telegence - UAT ONLY","Bandwidth.com","POND IoT","Rogers Sandbox","T-Mobile - Advantage","T-Mobile Jasper","Teal","Verizon - ThingSpace IoT","Verizon - ThingSpace PN","AT&T - Telegence"],"description":"Dropdown field for selecting the service provider responsible for handling the update."},"iccids":{"type":"array","items":{"type":"string"},"description":"List of ICCIDs to be archived."}},"required":["z_access_token","service_provider","iccids"]}}}},"responses":{"200":{"description":"Bulk archive operation completed successfully.","content":{"application/json":{"schema":{"type":"object","properties":{"message":{"type":"string","example":"Operation completed successfully."},"status_code":{"type":"integer","example":200}}}}}},"400":{"description":"Invalid input or missing data.","content":{"application/json":{"schema":{"type":"object","properties":{"message":{"type":"string","example":"Invalid details"},"status_code":{"type":"integer","example":400}}}}}}}}},"/bulk_change_iccid_imei":{"post":{"summary":"Change ICCID/IMEI","tags":["Bulk Change"],"description":"This API allows for bulk changing of ICCID and IMEI values. The request must include the new and old ICCID/IMEI details in the payload. The request will be processed to update the details if the validation passes.","operationId":"bulk_change_iccid_imei_post","requestBody":{"description":"Input data to change ICCID/IMEI.","required":true,"content":{"application/json":{"schema":{"type":"object","properties":{"z_access_token":{"type":"string","description":"Access token for authentication"},"service_provider":{"type":"string","enum":["AT&T - Telegence - UAT ONLY","Verizon - ThingSpace IoT","Verizon - ThingSpace PN"],"description":"Dropdown field for selecting the service provider responsible for handling the update."},"changed_data":{"type":"object","description":"The data that is being changed.","properties":{"UpdateStatus":{"type":"string","description":"Status of the update."},"IsIgnoreCurrentStatus":{"type":"boolean","description":"Flag to indicate if current status should be ignored."},"Request":{"type":"object","properties":{"OldICCID":{"type":"array","items":{"type":"string"},"description":"List of old ICCIDs."},"NewICCID":{"type":"array","items":{"type":"string"},"description":"List of new ICCIDs."},"OldIMEI":{"type":"string","description":"Old IMEI value."},"NewIMEI":{"type":"string","description":"New IMEI value."},"CustomerRatePlan":{"type":"string","description":"Customer rate plan details."},"CustomerRatePool":{"type":"string","description":"Customer rate pool."}},"required":["OldICCID","NewICCID","OldIMEI","NewIMEI"]}}}},"required":["z_access_token","service_provider","change_type","created_by","changed_data"]}}}},"responses":{"200":{"description":"Successful Response","content":{"application/json":{"schema":{"type":"object","properties":{"message":{"type":"string","description":"Response message"},"status_code":{"type":"integer","description":"HTTP status code"}}}}}},"400":{"description":"Bad Request. Invalid input or missing parameters."},"500":{"description":"Internal Server Error."}}}},"/edit_cost_center":{"post":{"summary":"Edit Cost Center","tags":["Inventory"],"description":"This API updates the cost center field in the AMOP system and the linked carrier system. It ensures that cost center information is synchronized between the AMOP platform and the carrier system, maintaining data consistency and accuracy.","operationId":"edit_cost_center_post","requestBody":{"description":"Input data required to update the cost center information in the inventory.","required":true,"content":{"application/json":{"schema":{"type":"object","properties":{"z_access_token":{"type":"string","description":"Authentication token for validating the request."},"iccid":{"type":"string","description":"The ICCID for which the cost center update is initiated."},"changed_data":{"type":"object","description":"The data to be updated in the inventory. Example: {'cost_center': '...'}","properties":{"cost_center":{"type":"string","description":"New Cost Center to be updated."}}}},"required":["z_access_token","iccid","changed_data","cost_center"]}}}},"responses":{"200":{"description":"The cost center data was successfully updated.","content":{"application/json":{"schema":{"type":"object","properties":{"flag":{"type":"boolean","description":"Indicates the success (true) or failure (false) of the operation."},"message":{"type":"string","description":"Provides additional information about the operation's outcome."}}}}}},"400":{"description":"Bad Request. The input is invalid or required parameters are missing."},"401":{"description":"Unauthorized Access. Invalid or missing authentication token."},"500":{"description":"Internal Server Error. An unexpected error occurred."}}}},"/update_bulk_change_phone_number":{"post":{"summary":"Change Phone Number","tags":["Bulk Change"],"description":"This API allows for bulk changing of Phone Numbers. The request must include the new and old and new msisdn details in the payload. The request will be processed to update the details if the validation passes.","operationId":"update_bulk_change_phone_number_post","requestBody":{"description":"Input data to change Phone Number.","required":true,"content":{"application/json":{"schema":{"type":"object","properties":{"z_access_token":{"type":"string","description":"Access token for authentication"},"service_provider":{"type":"string","default":"AT&T - Telegence - UAT ONLY","description":"Service provider for the operation."},"changed_data":{"type":"object","description":"The data that is being changed.","properties":{"old_msisdn":{"type":"array","items":{"type":"string"},"description":"List of old msisdn."},"new_msisdn":{"type":"array","items":{"type":"string"},"description":"List of new msisdn."},"effective_date":{"type":"string","format":"date","description":"Effective date for the rate plan in MM/DD/YYYY format.","example":"04/22/2025"}},"required":["old_msisdn","new_msisdn","effective_date"]}},"required":["z_access_token","service_provider"]}}}},"responses":{"200":{"description":"Successful Response","content":{"application/json":{"schema":{"type":"object","properties":{"message":{"type":"string","description":"Response message"},"status_code":{"type":"integer","description":"HTTP status code"}}}}}},"400":{"description":"Bad Request. Invalid input or missing parameters."},"500":{"description":"Internal Server Error."}}}},"/update_inventory_change_phone_number":{"post":{"summary":"Change Phone Number","tags":["Inventory"],"description":"This API allows for changing of Phone Number. The request must include the new and old and new Old Subscriber Numbers in the payload. The request will be processed to update the details if the validation passes.","operationId":"update_inventory_change_phone_number_post","requestBody":{"description":"Input data to change Phone Number.","required":true,"content":{"application/json":{"schema":{"type":"object","properties":{"z_access_token":{"type":"string","description":"Access token for authentication"},"service_provider":{"type":"string","default":"AT&T - Telegence - UAT ONLY","description":"Service provider for the operation."},"changed_data":{"type":"object","description":"The data that is being changed.","properties":{"old_msisdn":{"type":"string","description":"old msisdn."},"msisdn":{"type":"string","description":"new msisdn."},"effective_date":{"type":"string","format":"date","description":"Effective date for the rate plan in MM/DD/YYYY format.","example":"04/22/2025"}},"required":["old_msisdn","msisdn","effective_date"]}},"required":["z_access_token","service_provider"]}}}},"responses":{"200":{"description":"Successful Response","content":{"application/json":{"schema":{"type":"object","properties":{"message":{"type":"string","description":"Response message"},"status_code":{"type":"integer","description":"HTTP status code"}}}}}},"400":{"description":"Bad Request. Invalid input or missing parameters."},"500":{"description":"Internal Server Error."}}}},"/customer_rate_pool_usage":{"post":{"summary":"Customer rate pools","tags":["Reports"],"description":"Fetches a list of all the customer rate pools and their usage.","operationId":"customer_rate_pool_usage","requestBody":{"description":"Input data retrive Customer rate pools","required":true,"content":{"application/json":{"schema":{"type":"object","properties":{"z_access_token":{"type":"string","description":"Access token for authentication"},"page":{"type":"integer","default":1,"description":"Page number for pagination (starts at 1)"}},"required":["z_access_token"]}}}},"responses":{"200":{"description":"Successful Response","content":{"application/json":{"schema":{"type":"object","properties":{"message":{"type":"string","description":"Response message"},"status_code":{"type":"integer","description":"HTTP status code"}}}}}},"400":{"description":"Bad Request. Invalid input or missing parameters."},"500":{"description":"Internal Server Error."}}}},"/newly_activated_report":{"post":{"summary":"Newly Activated Report","tags":["Reports"],"description":"Fetches a list of Newly Activated Report of last 30 days","operationId":"newly_activated_report","requestBody":{"description":"Input data retrive Newly Activated Report","required":true,"content":{"application/json":{"schema":{"type":"object","properties":{"z_access_token":{"type":"string","description":"Access token for authentication"},"page":{"type":"integer","default":1,"description":"Page number for pagination (starts at 1)"}},"required":["z_access_token"]}}}},"responses":{"200":{"description":"Successful Response","content":{"application/json":{"schema":{"type":"object","properties":{"message":{"type":"string","description":"Response message"},"status_code":{"type":"integer","description":"HTTP status code"}}}}}},"400":{"description":"Bad Request. Invalid input or missing parameters."},"500":{"description":"Internal Server Error."}}}},"/pool_group_summary_report":{"post":{"summary":"Pool Group Summary Report","tags":["Reports"],"description":"Fetches a list of Pool Group summary of last 30 days.","operationId":"pool_group_summary_report","requestBody":{"description":"Input data retrive Pool Group summary Report","required":true,"content":{"application/json":{"schema":{"type":"object","properties":{"z_access_token":{"type":"string","description":"Access token for authentication"},"page":{"type":"integer","default":1,"description":"Page number for pagination (starts at 1)"}},"required":["z_access_token"]}}}},"responses":{"200":{"description":"Successful Response","content":{"application/json":{"schema":{"type":"object","properties":{"message":{"type":"string","description":"Response message"},"status_code":{"type":"integer","description":"HTTP status code"}}}}}},"400":{"description":"Bad Request. Invalid input or missing parameters."},"500":{"description":"Internal Server Error."}}}},"/zero_usage_report":{"post":{"summary":"Zero Usage Report","tags":["Reports"],"description":"Fetches Zero Usage Report of last 30 days.","operationId":"zero_usage_report","requestBody":{"description":"Input data retrive Zero Usage Report","required":true,"content":{"application/json":{"schema":{"type":"object","properties":{"z_access_token":{"type":"string","description":"Access token for authentication"},"page":{"type":"integer","default":1,"description":"Page number for pagination (starts at 1)"}},"required":["z_access_token"]}}}},"responses":{"200":{"description":"Successful Response","content":{"application/json":{"schema":{"type":"object","properties":{"message":{"type":"string","description":"Response message"},"status_code":{"type":"integer","description":"HTTP status code"}}}}}},"400":{"description":"Bad Request. Invalid input or missing parameters."},"500":{"description":"Internal Server Error."}}}}},"components":{"schemas":{"HTTPValidationError":{"properties":{"detail":{"items":{"$ref":"#/components/schemas/ValidationError"},"type":"array","title":"Detail"}},"type":"object","title":"HTTPValidationError"},"ValidationError":{"properties":{"loc":{"items":{"anyOf":[{"type":"string"},{"type":"integer"}]},"type":"array","title":"Location"},"msg":{"type":"string","title":"Message"},"type":{"type":"string","title":"Error Type"}},"type":"object","required":["loc","msg","type"],"title":"ValidationError"}}}}