{"openapi":"3.0.1","info":{"title":"Authorization Overview","description":"API displaying the authorization matrix","version":"1.0.0"},"paths":{"/authorization-overview":{"get":{"summary":"Authorization Overview Table","description":"<h3>Authorization Overview</h3><table border=\"1\" cellpadding=\"6\" cellspacing=\"0\"><thead><tr><th>Serial Number</th><th>2.O Module Name</th><th>User</th><th>Notification Only User</th><th>Agent</th><th>Super Admin</th><th>Partner Admin</th><th>Agent Partner Admin</th></tr></thead><tbody><tr><td rowspan=\"5\">1</td><td rowspan=\"5\">Inventory</td><td>Yes</td><td>No</td><td>Yes</td><td>Yes</td><td>Yes</td><td>Yes</td></tr><tr><td>Retrieve ICCID History</td><td>No</td><td>Retrieve ICCID History</td><td>Retrieve ICCID History</td><td>Retrieve ICCID History</td><td>Retrieve ICCID History</td></tr><tr><td>Assign Customer</td><td>No</td><td>Assign Customer</td><td>Assign Customer</td><td>Assign Customer</td><td>Assign Customer</td></tr><tr><td>Get List of Devices</td><td>No</td><td>Get List of Devices</td><td>Get List of Devices</td><td>Get List of Devices</td><td>Get List of Devices</td></tr><tr><td>Edit Cost Center</td><td>No</td><td>Edit Cost Center</td><td>Edit Cost Center</td><td>Edit Cost Center</td><td>Edit Cost Center</td></tr></tbody></table>","operationId":"getAuthorizationOverview","responses":{"200":{"description":"Success"}}}},"/new-endpoint":{"get":{"description":"","operationId":"get_new-endpoint","responses":{"200":{"description":""}},"parameters":[]}},"/new-endpoint-1":{"get":{"description":"","operationId":"get_new-endpoint-1","responses":{"200":{"description":""}},"parameters":[]}},"/new-endpoint-2":{"get":{"description":"","operationId":"get_new-endpoint-2","responses":{"200":{"description":""}},"parameters":[]}}}}